Date,Time,Comp,Round,Day,Venue,Result,GF,GA,Opponent,Poss,Attendance,Captain,Formation,Opp Formation,Referee,Match Report,Notes,Season,xG,xGA
8/23/15,20:30,La Liga,Matchweek 1,Sun,Away,D,0,0,Sporting Gijón,64.0,28105.0,Sergio Ramos,4-2-3-1,4-4-2,Javier Estrada,Match Report,,15_16,,
8/29/15,22:30,La Liga,Matchweek 2,Sat,Home,W,5,0,Betis,69.0,70876.0,Sergio Ramos,4-2-3-1,4-4-2,Alejandro Hernández,Match Report,,15_16,,
9/12/15,16:00,La Liga,Matchweek 3,Sat,Away,W,6,0,Espanyol,47.0,32155.0,Sergio Ramos,4-2-3-1,4-4-2,Iñaki Bikandi,Match Report,,15_16,,
9/15/15,20:45,Champions Lg,Group stage,Tue,Home,W,4,0,ua Shakhtar,50.0,66389.0,Sergio Ramos,4-2-3-1,4-2-3-1,Ivan Bebek,Match Report,,15_16,,
9/19/15,16:00,La Liga,Matchweek 4,Sat,Home,W,1,0,Granada,67.0,71786.0,Marcelo,4-2-3-1,4-2-3-1,Juan Martínez,Match Report,,15_16,,
9/23/15,21:00,La Liga,Matchweek 5,Wed,Away,W,2,1,Athletic Club,56.0,43387.0,Marcelo,4-2-3-1,4-2-3-1,Antonio Matéu Lahoz,Match Report,,15_16,,
9/26/15,18:15,La Liga,Matchweek 6,Sat,Home,D,0,0,Málaga,57.0,75361.0,Marcelo,4-3-3,4-4-2,José González,Match Report,,15_16,,
9/30/15,20:45,Champions Lg,Group stage,Wed,Away,W,2,0,se Malmö,70.0,20500.0,Cristiano Ronaldo,4-2-3-1,4-4-2,Cüneyt Çakιr,Match Report,,15_16,,
10/4/15,20:30,La Liga,Matchweek 7,Sun,Away,D,1,1,Atlético Madrid,54.0,53079.0,Sergio Ramos,4-3-3,4-4-2,Alberto Undiano,Match Report,,15_16,,
10/17/15,16:00,La Liga,Matchweek 8,Sat,Home,W,3,0,Levante,58.0,74779.0,Marcelo,4-3-3,5-3-2,José Sánchez,Match Report,,15_16,,
10/21/15,20:45,Champions Lg,Group stage,Wed,Away,D,0,0,fr Paris S-G,42.0,46858.0,Sergio Ramos,4-4-2,4-3-3,Nicola Rizzoli,Match Report,,15_16,,
10/24/15,16:00,La Liga,Matchweek 9,Sat,Away,W,3,1,Celta Vigo,50.0,25494.0,Sergio Ramos,4-3-3,4-3-3,Carlos Clos Gómez,Match Report,,15_16,,
10/31/15,16:00,La Liga,Matchweek 10,Sat,Home,W,3,1,Las Palmas,53.0,72387.0,Marcelo,4-3-3,4-1-4-1,Santiago Jaime,Match Report,,15_16,,
11/3/15,20:45,Champions Lg,Group stage,Tue,Home,W,1,0,fr Paris S-G,41.0,78300.0,Sergio Ramos,4-3-3,4-3-3,Mark Clattenburg,Match Report,,15_16,,
11/8/15,20:30,La Liga,Matchweek 11,Sun,Away,L,2,3,Sevilla,55.0,40377.0,Sergio Ramos,4-3-3,4-2-3-1,José González,Match Report,,15_16,,
11/21/15,18:15,La Liga,Matchweek 12,Sat,Home,L,0,4,Barcelona,41.0,80500.0,Sergio Ramos,4-2-3-1,4-3-3,David Fernández,Match Report,,15_16,,
11/25/15,21:45,Champions Lg,Group stage,Wed,Away,W,4,3,ua Shakhtar,55.0,33990.0,Pepe,4-3-3,4-2-3-1,Bas Nijhuis,Match Report,,15_16,,
11/29/15,16:00,La Liga,Matchweek 13,Sun,Away,W,2,0,Eibar,61.0,5892.0,Pepe,4-4-2,4-3-3,Jesús Gil,Match Report,,15_16,,
12/5/15,16:00,La Liga,Matchweek 14,Sat,Home,W,4,1,Getafe,62.0,64897.0,Pepe,4-3-3,4-1-4-1,Antonio Matéu Lahoz,Match Report,,15_16,,
12/8/15,20:45,Champions Lg,Group stage,Tue,Home,W,8,0,se Malmö,59.0,60663.0,Pepe,4-3-3,4-4-2,Daniele Orsato,Match Report,,15_16,,
12/13/15,20:30,La Liga,Matchweek 15,Sun,Away,L,0,1,Villarreal,65.0,20468.0,Sergio Ramos,4-3-3,4-4-2,Alberto Undiano,Match Report,,15_16,,
12/20/15,16:00,La Liga,Matchweek 16,Sun,Home,W,10,2,Rayo Vallecano,50.0,61564.0,Sergio Ramos,4-3-3,4-2-3-1,Ignacio Iglesias,Match Report,,15_16,,
12/30/15,16:00,La Liga,Matchweek 17,Wed,Home,W,3,1,Real Sociedad,50.0,69896.0,Marcelo,4-3-3,4-2-3-1,José González,Match Report,,15_16,,
1/3/16,20:30,La Liga,Matchweek 18,Sun,Away,D,2,2,Valencia,53.0,47185.0,Sergio Ramos,4-3-3,4-3-3,José Sánchez,Match Report,,15_16,,
1/9/16,20:30,La Liga,Matchweek 19,Sat,Home,W,5,0,La Coruña,53.0,71267.0,Sergio Ramos,4-2-3-1,4-2-3-1,Pedro Pérez,Match Report,,15_16,,
1/17/16,16:00,La Liga,Matchweek 20,Sun,Home,W,5,1,Sporting Gijón,67.0,70365.0,Marcelo,4-3-3,4-2-3-1,Alberto Undiano,Match Report,,15_16,,
1/24/16,20:30,La Liga,Matchweek 21,Sun,Away,D,1,1,Betis,64.0,48111.0,Marcelo,4-3-3,4-2-3-1,Juan Martínez,Match Report,,15_16,,
1/31/16,20:30,La Liga,Matchweek 22,Sun,Home,W,6,0,Espanyol,68.0,65768.0,Sergio Ramos,4-3-3,4-2-3-1,Alejandro Hernández,Match Report,,15_16,,
2/7/16,20:30,La Liga,Matchweek 23,Sun,Away,W,2,1,Granada,64.0,17060.0,Sergio Ramos,4-3-3,4-2-3-1,Jesús Gil,Match Report,,15_16,,
2/13/16,16:00,La Liga,Matchweek 24,Sat,Home,W,4,2,Athletic Club,60.0,77364.0,Sergio Ramos,4-3-3,4-2-3-1,Alfonso Álvarez,Match Report,,15_16,,
2/17/16,20:45,Champions Lg,Round of 16,Wed,Away,W,2,0,it Roma,60.0,55612.0,Sergio Ramos,4-3-3,4-3-3,Pavel Královec,Match Report,Leg 1 of 2,15_16,,
2/21/16,16:00,La Liga,Matchweek 25,Sun,Away,D,1,1,Málaga,62.0,30372.0,Sergio Ramos,4-3-3,4-4-2,Ignacio Iglesias,Match Report,,15_16,,
2/27/16,16:00,La Liga,Matchweek 26,Sat,Home,L,0,1,Atlético Madrid,69.0,79436.0,Sergio Ramos,4-3-3,4-4-2,Carlos Clos Gómez,Match Report,,15_16,,
3/2/16,21:00,La Liga,Matchweek 27,Wed,Away,W,3,1,Levante,53.0,19725.0,Pepe,4-2-3-1,4-4-2,Ricardo de Burgos,Match Report,,15_16,,
3/5/16,16:00,La Liga,Matchweek 28,Sat,Home,W,7,1,Celta Vigo,56.0,68467.0,Sergio Ramos,4-3-3,4-2-3-1,Jesús Gil,Match Report,,15_16,,
3/8/16,20:45,Champions Lg,Round of 16,Tue,Home,W,2,0,it Roma,56.0,76654.0,Sergio Ramos,4-3-3,4-2-3-1,Szymon Marciniak,Match Report,Leg 2 of 2; Real Madrid won,15_16,,
3/13/16,19:30,La Liga,Matchweek 29,Sun,Away,W,2,1,Las Palmas,48.0,25846.0,Sergio Ramos,4-3-3,4-1-4-1,David Fernández,Match Report,,15_16,,
3/20/16,20:30,La Liga,Matchweek 30,Sun,Home,W,4,0,Sevilla,63.0,72976.0,Marcelo,4-3-3,4-4-1-1,Javier Estrada,Match Report,,15_16,,
4/2/16,20:30,La Liga,Matchweek 31,Sat,Away,W,2,1,Barcelona,32.0,3665.0,Sergio Ramos,4-3-3,4-3-3,Alejandro Hernández,Match Report,,15_16,,
4/6/16,20:45,Champions Lg,Quarter-finals,Wed,Away,L,0,2,de Wolfsburg,59.0,26400.0,Sergio Ramos,4-3-3,4-2-3-1,Gianluca Rocchi,Match Report,Leg 1 of 2,15_16,,
4/9/16,16:00,La Liga,Matchweek 32,Sat,Home,W,4,0,Eibar,61.0,70689.0,Pepe,4-3-3,4-2-3-1,José Sánchez,Match Report,,15_16,,
4/12/16,20:45,Champions Lg,Quarter-finals,Tue,Home,W,3,0,de Wolfsburg,56.0,76684.0,Sergio Ramos,4-3-3,4-2-3-1,Viktor Kassai,Match Report,Leg 2 of 2; Real Madrid won,15_16,,
4/16/16,16:00,La Liga,Matchweek 33,Sat,Away,W,5,1,Getafe,63.0,11401.0,Marcelo,4-3-3,4-4-2,José González,Match Report,,15_16,,
4/20/16,22:00,La Liga,Matchweek 34,Wed,Home,W,3,0,Villarreal,61.0,62678.0,Sergio Ramos,4-3-3,4-4-2,Carlos Clos Gómez,Match Report,,15_16,,
4/23/16,16:00,La Liga,Matchweek 35,Sat,Away,W,3,2,Rayo Vallecano,61.0,13314.0,Marcelo,4-3-3,4-2-3-1,Alejandro Hernández,Match Report,,15_16,,
4/26/16,19:45,Champions Lg,Semi-finals,Tue,Away,D,0,0,eng Manchester City,52.0,52221.0,Sergio Ramos,4-3-3,4-2-3-1,Cüneyt Çakιr,Match Report,Leg 1 of 2,15_16,,
4/30/16,16:00,La Liga,Matchweek 36,Sat,Away,W,1,0,Real Sociedad,55.0,26426.0,Sergio Ramos,4-3-3,4-3-3,Alberto Undiano,Match Report,,15_16,,
5/4/16,20:45,Champions Lg,Semi-finals,Wed,Home,W,1,0,eng Manchester City,53.0,78300.0,Sergio Ramos,4-3-3,4-2-3-1,Damir Skomina,Match Report,Leg 2 of 2; Real Madrid won,15_16,,
5/8/16,17:00,La Liga,Matchweek 37,Sun,Home,W,3,2,Valencia,47.0,72987.0,Sergio Ramos,4-3-3,4-3-3,David Fernández,Match Report,,15_16,,
5/14/16,17:00,La Liga,Matchweek 38,Sat,Away,W,2,0,La Coruña,60.0,29017.0,Sergio Ramos,4-3-3,4-5-1,Antonio Matéu Lahoz,Match Report,,15_16,,
5/28/16,20:45,Champions Lg,Final,Sat,Neutral,D,1 (5),1 (3),es Atlético Madrid,48.0,71942.0,Sergio Ramos,4-3-3,4-4-2,Mark Clattenburg,Match Report,Real Madrid won on penalty kicks following extra time,15_16,,
8/21/16,20:15,La Liga,Matchweek 1,Sun,Away,W,3,0,Real Sociedad,55.0,27653.0,Sergio Ramos,4-3-3,4-2-3-1,Juan Martínez,Match Report,,16_17,,
8/27/16,20:15,La Liga,Matchweek 2,Sat,Home,W,2,1,Celta Vigo,54.0,61568.0,Sergio Ramos,4-3-3,4-2-3-1,Ricardo de Burgos,Match Report,,16_17,,
9/10/16,16:00,La Liga,Matchweek 3,Sat,Home,W,5,2,Osasuna,61.0,69567.0,Sergio Ramos,4-3-3,5-3-2,David Fernández,Match Report,,16_17,,
9/14/16,20:45,Champions Lg,Group stage,Wed,Home,W,2,1,pt Sporting CP,60.0,72179.0,Sergio Ramos,4-3-3,4-4-2,Paolo Tagliavento,Match Report,,16_17,,
9/18/16,20:45,La Liga,Matchweek 4,Sun,Away,W,2,0,Espanyol,60.0,29484.0,Sergio Ramos,4-3-3,4-4-2,Alejandro Hernández,Match Report,,16_17,,
9/21/16,20:00,La Liga,Matchweek 5,Wed,Home,D,1,1,Villarreal,59.0,67328.0,Sergio Ramos,4-3-3,4-2-3-1,José González,Match Report,,16_17,,
9/24/16,19:45,La Liga,Matchweek 6,Sat,Away,D,2,2,Las Palmas,45.0,22520.0,Sergio Ramos,4-3-3,4-2-3-1,Javier Estrada,Match Report,,16_17,,
9/27/16,20:45,Champions Lg,Group stage,Tue,Away,D,2,2,de Dortmund,40.0,65849.0,Sergio Ramos,4-3-3,4-1-4-1,Mark Clattenburg,Match Report,,16_17,,
10/2/16,16:15,La Liga,Matchweek 7,Sun,Home,D,1,1,Eibar,65.0,72103.0,Pepe,4-3-3,4-1-4-1,Juan Martínez,Match Report,,16_17,,
10/15/16,20:45,La Liga,Matchweek 8,Sat,Away,W,6,1,Betis,52.0,41655.0,Marcelo,4-3-3,4-3-3,Jesús Gil,Match Report,,16_17,,
10/18/16,20:45,Champions Lg,Group stage,Tue,Home,W,5,1,pl Legia Warsaw,61.0,70251.0,Marcelo,4-3-3,4-2-3-1,Ruddy Buquet,Match Report,,16_17,,
10/23/16,20:45,La Liga,Matchweek 9,Sun,Home,W,2,1,Athletic Club,66.0,72910.0,Marcelo,4-3-3,4-2-3-1,Ignacio Iglesias,Match Report,,16_17,,
10/29/16,16:15,La Liga,Matchweek 10,Sat,Away,W,4,1,Alavés,59.0,19840.0,Marcelo,4-3-3,5-3-2,José Sánchez,Match Report,,16_17,,
11/2/16,20:45,Champions Lg,Group stage,Wed,Away,D,3,3,pl Legia Warsaw,58.0,,Cristiano Ronaldo,4-4-2,4-2-3-1,Pavel Královec,Match Report,,16_17,,
11/6/16,12:00,La Liga,Matchweek 11,Sun,Home,W,3,0,Leganés,65.0,74269.0,Marcelo,4-3-3,4-3-3,Antonio Matéu Lahoz,Match Report,,16_17,,
11/19/16,20:45,La Liga,Matchweek 12,Sat,Away,W,3,0,Atlético Madrid,53.0,53741.0,Marcelo,4-3-3,4-4-2,David Fernández,Match Report,,16_17,,
11/22/16,19:45,Champions Lg,Group stage,Tue,Away,W,2,1,pt Sporting CP,59.0,50046.0,Sergio Ramos,4-2-3-1,4-1-4-1,William Collum,Match Report,,16_17,,
11/26/16,16:15,La Liga,Matchweek 13,Sat,Home,W,2,1,Sporting Gijón,54.0,67118.0,Sergio Ramos,4-2-3-1,5-4-1,Alejandro Hernández,Match Report,,16_17,,
12/3/16,16:15,La Liga,Matchweek 14,Sat,Away,D,1,1,Barcelona,45.0,98485.0,Sergio Ramos,4-2-3-1,4-3-3,Carlos Clos,Match Report,,16_17,,
12/7/16,20:45,Champions Lg,Group stage,Wed,Home,D,2,2,de Dortmund,46.0,76894.0,Sergio Ramos,4-3-3,4-2-3-1,Szymon Marciniak,Match Report,,16_17,,
12/10/16,20:45,La Liga,Matchweek 15,Sat,Home,W,3,2,La Coruña,64.0,67174.0,Sergio Ramos,4-2-3-1,4-2-3-1,Santiago Jaime,Match Report,,16_17,,
1/7/17,13:00,La Liga,Matchweek 17,Sat,Home,W,5,0,Granada,61.0,71184.0,Marcelo,4-3-3,5-4-1,Iñaki Bikandi,Match Report,,16_17,,
1/15/17,20:45,La Liga,Matchweek 18,Sun,Away,L,1,2,Sevilla,42.0,40386.0,Sergio Ramos,3-5-2,4-2-3-1,Alejandro Hernández,Match Report,,16_17,,
1/21/17,16:15,La Liga,Matchweek 19,Sat,Home,W,2,1,Málaga,58.0,72687.0,Sergio Ramos,4-3-3,4-2-3-1,Jesús Gil,Match Report,,16_17,,
1/29/17,20:45,La Liga,Matchweek 20,Sun,Home,W,3,0,Real Sociedad,43.0,66693.0,Sergio Ramos,4-3-3,4-3-3,Mario Melero,Match Report,,16_17,,
2/11/17,20:45,La Liga,Matchweek 22,Sat,Away,W,3,1,Osasuna,66.0,17770.0,Sergio Ramos,3-5-2,4-4-2,Ignacio Iglesias,Match Report,,16_17,,
2/15/17,20:45,Champions Lg,Round of 16,Wed,Home,W,3,1,it Napoli,50.0,78000.0,Sergio Ramos,4-3-3,4-3-3,Damir Skomina,Match Report,Leg 1 of 2,16_17,,
2/18/17,16:15,La Liga,Matchweek 23,Sat,Home,W,2,0,Espanyol,68.0,75606.0,Pepe,4-3-3,4-5-1,Alberto Undiano,Match Report,,16_17,,
2/22/17,18:45,La Liga,Matchweek 16,Wed,Away,L,1,2,Valencia,72.0,45833.0,Sergio Ramos,4-3-3,4-2-3-1,Ricardo de Burgos,Match Report,,16_17,,
2/26/17,20:45,La Liga,Matchweek 24,Sun,Away,W,3,2,Villarreal,50.0,21415.0,Sergio Ramos,4-3-3,4-2-3-1,Jesús Gil,Match Report,,16_17,,
3/1/17,21:30,La Liga,Matchweek 25,Wed,Home,D,3,3,Las Palmas,44.0,63789.0,Sergio Ramos,4-3-3,4-1-4-1,David Fernández,Match Report,,16_17,,
3/4/17,16:15,La Liga,Matchweek 26,Sat,Away,W,4,1,Eibar,51.0,6740.0,Sergio Ramos,4-3-3,4-2-3-1,José González,Match Report,,16_17,,
3/7/17,20:45,Champions Lg,Round of 16,Tue,Away,W,3,1,it Napoli,46.0,56695.0,Cristiano Ronaldo,4-3-3,4-3-3,Cüneyt Çakιr,Match Report,Leg 2 of 2; Real Madrid won,16_17,,
3/12/17,20:45,La Liga,Matchweek 27,Sun,Home,W,2,1,Betis,70.0,73103.0,Sergio Ramos,4-4-2,5-3-2,Antonio Matéu Lahoz,Match Report,,16_17,,
3/18/17,16:15,La Liga,Matchweek 28,Sat,Away,W,2,1,Athletic Club,48.0,49095.0,Sergio Ramos,4-3-3,4-2-3-1,Santiago Jaime,Match Report,,16_17,,
4/2/17,16:15,La Liga,Matchweek 29,Sun,Home,W,3,0,Alavés,63.0,76875.0,Pepe,4-3-3,5-4-1,José Sánchez,Match Report,,16_17,,
4/5/17,21:30,La Liga,Matchweek 30,Wed,Away,W,4,2,Leganés,62.0,10922.0,Sergio Ramos,4-3-3,4-2-3-1,Alfonso Álvarez,Match Report,,16_17,,
4/8/17,16:15,La Liga,Matchweek 31,Sat,Home,D,1,1,Atlético Madrid,61.0,80000.0,Sergio Ramos,4-3-3,4-4-2,Ricardo de Burgos,Match Report,,16_17,,
4/12/17,20:45,Champions Lg,Quarter-finals,Wed,Away,W,2,1,de Bayern Munich,52.0,70000.0,Sergio Ramos,4-3-3,4-2-3-1,Nicola Rizzoli,Match Report,Leg 1 of 2,16_17,,
4/15/17,16:15,La Liga,Matchweek 32,Sat,Away,W,3,2,Sporting Gijón,69.0,23745.0,Sergio Ramos,4-3-3,5-3-2,David Fernández,Match Report,,16_17,,
4/18/17,20:45,Champions Lg,Quarter-finals,Tue,Home,W,4,2,de Bayern Munich,44.0,78346.0,Sergio Ramos,4-3-3,4-1-4-1,Viktor Kassai,Match Report,Leg 2 of 2; Real Madrid won; Required Extra Time,16_17,,
4/23/17,20:45,La Liga,Matchweek 33,Sun,Home,L,2,3,Barcelona,42.0,81044.0,Sergio Ramos,4-3-3,4-3-1-2,Alejandro Hernández,Match Report,,16_17,,
4/26/17,21:30,La Liga,Matchweek 34,Wed,Away,W,6,2,La Coruña,53.0,26735.0,Marcelo,4-1-4-1,4-2-3-1,José Sánchez,Match Report,,16_17,,
4/29/17,16:15,La Liga,Matchweek 35,Sat,Home,W,2,1,Valencia,60.0,75180.0,Sergio Ramos,4-3-3,4-2-3-1,Jesús Gil,Match Report,,16_17,,
5/2/17,20:45,Champions Lg,Semi-finals,Tue,Home,W,3,0,es Atlético Madrid,62.0,77609.0,Sergio Ramos,4-1-2-1-2,4-4-2,Martin Atkinson,Match Report,Leg 1 of 2,16_17,,
5/6/17,20:45,La Liga,Matchweek 36,Sat,Away,W,4,0,Granada,52.0,19094.0,Sergio Ramos,4-2-3-1,4-2-3-1,Ignacio Iglesias,Match Report,,16_17,,
5/10/17,20:45,Champions Lg,Semi-finals,Wed,Away,L,1,2,es Atlético Madrid,64.0,53422.0,Sergio Ramos,4-3-1-2,4-4-2,Cüneyt Çakιr,Match Report,Leg 2 of 2; Real Madrid won,16_17,,
5/14/17,20:00,La Liga,Matchweek 37,Sun,Home,W,4,1,Sevilla,49.0,79356.0,Sergio Ramos,4-3-3,3-5-1-1,Alberto Undiano,Match Report,,16_17,,
5/17/17,21:00,La Liga,Matchweek 21,Wed,Away,W,4,1,Celta Vigo,48.0,22838.0,Sergio Ramos,4-3-3,4-2-3-1,Juan Martínez,Match Report,,16_17,,
5/21/17,20:00,La Liga,Matchweek 38,Sun,Away,W,2,0,Málaga,48.0,27855.0,Sergio Ramos,4-3-1-2,4-1-4-1,Ricardo de Burgos,Match Report,,16_17,,
6/3/17,19:45,Champions Lg,Final,Sat,Neutral,W,4,1,it Juventus,56.0,65842.0,Sergio Ramos,4-3-1-2,4-2-3-1,Felix Brych,Match Report,,16_17,,
8/20/17,22:15,La Liga,Matchweek 1,Sun,Away,W,3,0,La Coruña,68.0,27770.0,Sergio Ramos,4-3-1-2,4-2-3-1,José González,Match Report,,17_18,2.1,1.7
8/27/17,22:15,La Liga,Matchweek 2,Sun,Home,D,2,2,Valencia,66.0,65107.0,Marcelo,4-3-3,4-4-2,David Fernández,Match Report,,17_18,3.2,0.9
9/9/17,13:00,La Liga,Matchweek 3,Sat,Home,D,1,1,Levante,68.0,67789.0,Sergio Ramos,4-2-3-1,4-5-1,Alejandro Hernández,Match Report,,17_18,3.1,0.7
9/13/17,20:45,Champions Lg,Group stage,Wed,Home,W,3,0,cy APOEL FC,69.0,71060.0,Sergio Ramos,4-1-2-1-2,4-4-2,Benoît Bastien,Match Report,,17_18,3.9,0.2
9/17/17,20:45,La Liga,Matchweek 4,Sun,Away,W,3,1,Real Sociedad,50.0,24966.0,Sergio Ramos,4-3-3,4-3-3,Ignacio Iglesias,Match Report,,17_18,2.8,0.5
9/20/17,22:00,La Liga,Matchweek 5,Wed,Home,L,0,1,Betis,60.0,65102.0,Sergio Ramos,4-3-1-2,4-3-3,Antonio Matéu Lahoz,Match Report,,17_18,3.5,1.1
9/23/17,16:15,La Liga,Matchweek 6,Sat,Away,W,2,1,Alavés,67.0,19159.0,Sergio Ramos,4-3-3,4-2-3-1,Alberto Undiano,Match Report,,17_18,2.4,0.7
9/26/17,20:45,Champions Lg,Group stage,Tue,Away,W,3,1,de Dortmund,47.0,65849.0,Sergio Ramos,4-1-2-1-2,4-3-3,Björn Kuipers,Match Report,,17_18,3.2,1.2
10/1/17,20:45,La Liga,Matchweek 7,Sun,Home,W,2,0,Espanyol,64.0,71205.0,Sergio Ramos,4-1-2-1-2,4-5-1,José González,Match Report,,17_18,2.8,0.4
10/14/17,16:15,La Liga,Matchweek 8,Sat,Away,W,2,1,Getafe,68.0,15350.0,Sergio Ramos,4-4-2,4-4-1-1,Juan Martínez,Match Report,,17_18,2.0,1.0
10/17/17,20:45,Champions Lg,Group stage,Tue,Home,D,1,1,eng Tottenham,66.0,76589.0,Sergio Ramos,4-3-1-2,5-3-2,Szymon Marciniak,Match Report,,17_18,2.9,0.9
10/22/17,20:45,La Liga,Matchweek 9,Sun,Home,W,3,0,Eibar,58.0,66781.0,Sergio Ramos,4-1-2-1-2,5-3-2,Alfonso Álvarez,Match Report,,17_18,1.4,0.3
10/29/17,16:15,La Liga,Matchweek 10,Sun,Away,L,1,2,Girona,61.0,13382.0,Sergio Ramos,4-3-1-2,5-4-1,Alejandro Hernández,Match Report,,17_18,1.5,2.2
11/1/17,19:45,Champions Lg,Group stage,Wed,Away,L,1,3,eng Tottenham,63.0,83782.0,Sergio Ramos,4-1-2-1-2,3-5-1-1,Cüneyt Çakιr,Match Report,,17_18,2.2,2.3
11/5/17,20:45,La Liga,Matchweek 11,Sun,Home,W,3,0,Las Palmas,59.0,67120.0,Sergio Ramos,4-3-1-2,5-3-2,José Sánchez,Match Report,,17_18,2.2,0.2
11/18/17,20:45,La Liga,Matchweek 12,Sat,Away,D,0,0,Atlético Madrid,65.0,66496.0,Sergio Ramos,4-3-1-2,4-2-3-1,David Fernández,Match Report,,17_18,1.4,0.7
11/21/17,21:45,Champions Lg,Group stage,Tue,Away,W,6,0,cy APOEL FC,70.0,19705.0,Marcelo,4-4-2,4-2-3-1,Artur Soares Dias,Match Report,,17_18,3.7,0.5
11/25/17,16:15,La Liga,Matchweek 13,Sat,Home,W,3,2,Málaga,58.0,75671.0,Marcelo,4-1-2-1-2,4-4-2,Jesús Gil,Match Report,,17_18,2.9,0.6
12/2/17,20:45,La Liga,Matchweek 14,Sat,Away,D,0,0,Athletic Club,64.0,44884.0,Sergio Ramos,4-3-1-2,4-2-3-1,Antonio Matéu Lahoz,Match Report,,17_18,1.6,1.2
12/6/17,20:45,Champions Lg,Group stage,Wed,Home,W,3,2,de Dortmund,67.0,73323.0,Sergio Ramos,4-3-3,3-4-3,Pavel Královec,Match Report,,17_18,2.7,1.7
12/9/17,16:15,La Liga,Matchweek 15,Sat,Home,W,5,0,Sevilla,59.0,76924.0,Marcelo,4-4-2,4-3-3,Juan Martínez,Match Report,,17_18,3.2,0.4
12/23/17,13:00,La Liga,Matchweek 17,Sat,Home,L,0,3,Barcelona,45.0,80264.0,Sergio Ramos,4-1-3-2,4-4-2,José Sánchez,Match Report,,17_18,1.0,2.6
1/7/18,20:45,La Liga,Matchweek 18,Sun,Away,D,2,2,Celta Vigo,49.0,20872.0,Marcelo,4-3-1-2,4-4-2,Santiago Jaime,Match Report,,17_18,2.1,2.0
1/13/18,16:15,La Liga,Matchweek 19,Sat,Home,L,0,1,Villarreal,58.0,63403.0,Marcelo,4-1-2-1-2,4-4-1-1,Alberto Undiano,Match Report,,17_18,2.3,0.9
1/21/18,16:15,La Liga,Matchweek 20,Sun,Home,W,7,1,La Coruña,62.0,63504.0,Marcelo,4-3-3,4-3-3,David Fernández,Match Report,,17_18,2.5,1.8
1/27/18,16:15,La Liga,Matchweek 21,Sat,Away,W,4,1,Valencia,57.0,47034.0,Marcelo,4-3-3,4-4-2,Javier Estrada,Match Report,,17_18,2.7,1.1
2/3/18,20:45,La Liga,Matchweek 22,Sat,Away,D,2,2,Levante,71.0,23542.0,Sergio Ramos,4-3-3,4-5-1,Mario Melero,Match Report,,17_18,1.4,1.2
2/10/18,20:45,La Liga,Matchweek 23,Sat,Home,W,5,2,Real Sociedad,53.0,63811.0,Sergio Ramos,4-4-2,4-4-2,Alejandro Hernández,Match Report,,17_18,4.1,0.7
2/14/18,20:45,Champions Lg,Round of 16,Wed,Home,W,3,1,fr Paris S-G,51.0,78158.0,Sergio Ramos,4-3-1-2,4-3-3,Gianluca Rocchi,Match Report,Leg 1 of 2,17_18,2.4,1.0
2/18/18,20:45,La Liga,Matchweek 24,Sun,Away,W,5,3,Betis,44.0,53486.0,Sergio Ramos,4-4-2,5-4-1,Jesús Gil,Match Report,,17_18,1.6,2.1
2/21/18,18:45,La Liga,Matchweek 16,Wed,Away,W,3,1,Leganés,60.0,11423.0,Sergio Ramos,4-2-3-1,4-2-3-1,José González,Match Report,,17_18,2.0,1.2
2/24/18,16:15,La Liga,Matchweek 25,Sat,Home,W,4,0,Alavés,63.0,75181.0,Cristiano Ronaldo,4-4-2,4-4-2,Javier Estrada,Match Report,,17_18,2.8,0.5
2/27/18,20:00,La Liga,Matchweek 26,Tue,Away,L,0,1,Espanyol,61.0,19805.0,Sergio Ramos,4-2-3-1,4-4-2,José Sánchez,Match Report,,17_18,1.1,0.9
3/3/18,20:45,La Liga,Matchweek 27,Sat,Home,W,3,1,Getafe,75.0,55106.0,Sergio Ramos,4-4-2,4-4-1-1,Mario Melero,Match Report,,17_18,1.8,0.9
3/6/18,20:45,Champions Lg,Round of 16,Tue,Away,W,2,1,fr Paris S-G,50.0,46585.0,Sergio Ramos,4-4-2,4-3-3,Felix Brych,Match Report,Leg 2 of 2; Real Madrid won,17_18,2.2,1.1
3/10/18,13:00,La Liga,Matchweek 28,Sat,Away,W,2,1,Eibar,55.0,6707.0,Sergio Ramos,4-1-2-1-2,4-2-3-1,José Munuera,Match Report,,17_18,1.7,1.2
3/18/18,20:45,La Liga,Matchweek 29,Sun,Home,W,6,3,Girona,64.0,59097.0,Marcelo,4-4-2,3-4-3,Jesús Gil,Match Report,,17_18,3.4,1.4
3/31/18,17:30,La Liga,Matchweek 30,Sat,Away,W,3,0,Las Palmas,49.0,22942.0,Karim Benzema,4-4-2,4-2-3-1,Pablo González,Match Report,,17_18,3.8,0.9
4/3/18,20:45,Champions Lg,Quarter-finals,Tue,Away,W,3,0,it Juventus,56.0,40849.0,Sergio Ramos,4-1-2-1-2,4-4-2,Cüneyt Çakιr,Match Report,Leg 1 of 2,17_18,3.1,1.6
4/8/18,16:15,La Liga,Matchweek 31,Sun,Home,D,1,1,Atlético Madrid,69.0,78769.0,Sergio Ramos,4-4-2,4-4-2,Javier Estrada,Match Report,,17_18,2.1,1.1
4/11/18,20:45,Champions Lg,Quarter-finals,Wed,Home,L,1,3,it Juventus,61.0,75796.0,Marcelo,4-1-2-1-2,4-3-3,Michael Oliver,Match Report,Leg 2 of 2; Real Madrid won,17_18,2.7,2.7
4/15/18,20:45,La Liga,Matchweek 32,Sun,Away,W,2,1,Málaga,61.0,27112.0,Sergio Ramos,4-2-3-1,4-1-4-1,Ricardo de Burgos,Match Report,,17_18,2.6,1.5
4/18/18,21:30,La Liga,Matchweek 33,Wed,Home,D,1,1,Athletic Club,65.0,59193.0,Sergio Ramos,4-4-2,4-2-3-1,Juan Martínez,Match Report,,17_18,1.7,1.0
4/25/18,20:45,Champions Lg,Semi-finals,Wed,Away,W,2,1,de Bayern Munich,41.0,70000.0,Sergio Ramos,4-1-4-1,4-1-4-1,Björn Kuipers,Match Report,Leg 1 of 2,17_18,0.7,1.9
4/28/18,18:30,La Liga,Matchweek 35,Sat,Home,W,2,1,Leganés,59.0,59905.0,Karim Benzema,4-4-2,4-2-3-1,Ignacio Iglesias,Match Report,,17_18,1.8,2.6
5/1/18,20:45,Champions Lg,Semi-finals,Tue,Home,D,2,2,de Bayern Munich,40.0,77459.0,Sergio Ramos,4-4-2,4-1-4-1,Cüneyt Çakιr,Match Report,Leg 2 of 2; Real Madrid won,17_18,1.8,3.0
5/6/18,20:45,La Liga,Matchweek 36,Sun,Away,D,2,2,Barcelona,50.0,97939.0,Sergio Ramos,4-3-3,4-4-2,Alejandro Hernández,Match Report,,17_18,2.0,1.4
5/9/18,21:30,La Liga,Matchweek 34,Wed,Away,L,2,3,Sevilla,64.0,38524.0,Sergio Ramos,4-3-3,4-2-3-1,Antonio Matéu Lahoz,Match Report,,17_18,2.5,1.8
5/12/18,20:45,La Liga,Matchweek 37,Sat,Home,W,6,0,Celta Vigo,57.0,56474.0,Marcelo,4-3-3,4-3-3,Pablo González,Match Report,,17_18,1.3,0.2
5/19/18,20:45,La Liga,Matchweek 38,Sat,Away,D,2,2,Villarreal,61.0,18891.0,Sergio Ramos,4-3-1-2,4-4-2,José Sánchez,Match Report,,17_18,1.0,1.3
5/26/18,21:45,Champions Lg,Final,Sat,Neutral,W,3,1,eng Liverpool,65.0,61561.0,Sergio Ramos,4-3-1-2,4-3-3,Milorad Mažić,Match Report,,17_18,1.5,1.9
8/19/18,22:15,La Liga,Matchweek 1,Sun,Home,W,2.0,0.0,Getafe,77.0,48446.0,Sergio Ramos,4-3-3,4-1-4-1,Javier Estrada,Match Report,,18_19,1.0,0.2
8/26/18,22:15,La Liga,Matchweek 2,Sun,Away,W,4.0,1.0,Girona,66.0,13889.0,Sergio Ramos,4-2-3-1,4-3-3,Juan Martínez,Match Report,,18_19,3.9,0.4
9/1/18,20:45,La Liga,Matchweek 3,Sat,Home,W,4.0,1.0,Leganés,77.0,59255.0,Sergio Ramos,4-3-3,4-4-2,Santiago Jaime,Match Report,,18_19,2.5,1.1
9/15/18,20:45,La Liga,Matchweek 4,Sat,Away,D,1.0,1.0,Athletic Club,61.0,46413.0,Sergio Ramos,4-3-3,4-2-3-1,José González,Match Report,,18_19,1.8,1.4
9/19/18,21:00,Champions Lg,Group stage,Wed,Home,W,3.0,0.0,it Roma,61.0,69251.0,Sergio Ramos,4-3-3,4-3-3,Björn Kuipers,Match Report,,18_19,3.5,0.6
9/22/18,20:45,La Liga,Matchweek 5,Sat,Home,W,1.0,0.0,Espanyol,64.0,67658.0,Sergio Ramos,4-3-3,4-1-4-1,Antonio Matéu Lahoz,Match Report,,18_19,1.0,0.4
9/26/18,22:00,La Liga,Matchweek 6,Wed,Away,L,0.0,3.0,Sevilla,60.0,40972.0,Sergio Ramos,4-3-3,3-5-2,Alejandro Hernández,Match Report,,18_19,1.5,2.4
9/29/18,20:45,La Liga,Matchweek 7,Sat,Home,D,0.0,0.0,Atlético Madrid,65.0,78642.0,Sergio Ramos,4-3-3,4-4-2,Juan Martínez,Match Report,,18_19,1.2,0.8
10/2/18,22:00,Champions Lg,Group stage,Tue,Away,L,0.0,1.0,ru CSKA Moscow,72.0,71811.0,Karim Benzema,4-3-3,3-4-3,Ovidiu Hațegan,Match Report,,18_19,2.2,0.4
10/6/18,18:30,La Liga,Matchweek 8,Sat,Away,L,0.0,1.0,Alavés,69.0,19461.0,Sergio Ramos,4-3-3,4-3-3,Santiago Jaime,Match Report,,18_19,0.8,1.1
10/20/18,13:00,La Liga,Matchweek 9,Sat,Home,L,1.0,2.0,Levante,70.0,63423.0,Sergio Ramos,4-3-3,3-1-4-2,Guillermo Cuadra,Match Report,,18_19,2.9,2.0
10/23/18,21:00,Champions Lg,Group stage,Tue,Home,W,2.0,1.0,cz Viktoria Plzeň,68.0,67356.0,Sergio Ramos,4-3-3,4-2-3-1,Orel Grinfeeld,Match Report,,18_19,2.6,1.6
10/28/18,16:15,La Liga,Matchweek 10,Sun,Away,L,1.0,5.0,Barcelona,47.0,93265.0,Sergio Ramos,4-3-3,4-3-3,José Sánchez,Match Report,,18_19,2.1,3.0
11/3/18,16:15,La Liga,Matchweek 11,Sat,Home,W,2.0,0.0,Valladolid,58.0,68050.0,Sergio Ramos,4-3-3,4-4-2,Jesús Gil,Match Report,,18_19,2.2,0.9
11/7/18,21:00,Champions Lg,Group stage,Wed,Away,W,5.0,0.0,cz Viktoria Plzeň,62.0,11483.0,Sergio Ramos,4-2-3-1,4-1-4-1,Deniz Aytekin,Match Report,,18_19,1.6,0.5
11/11/18,20:45,La Liga,Matchweek 12,Sun,Away,W,4.0,2.0,Celta Vigo,48.0,21184.0,Sergio Ramos,4-3-3,4-4-2,Alberto Undiano,Match Report,,18_19,2.5,0.9
11/24/18,13:00,La Liga,Matchweek 13,Sat,Away,L,0.0,3.0,Eibar,60.0,6435.0,Sergio Ramos,4-3-3,4-4-2,Juan Martínez,Match Report,,18_19,1.1,2.8
11/27/18,21:00,Champions Lg,Group stage,Tue,Away,W,2.0,0.0,it Roma,59.0,59124.0,Sergio Ramos,4-3-3,4-2-3-1,Ruddy Buquet,Match Report,,18_19,1.7,2.1
12/1/18,20:45,La Liga,Matchweek 14,Sat,Home,W,2.0,0.0,Valencia,60.0,69653.0,Sergio Ramos,4-3-3,4-4-2,José González,Match Report,,18_19,0.8,0.8
12/9/18,16:15,La Liga,Matchweek 15,Sun,Away,W,1.0,0.0,Huesca,55.0,7341.0,Sergio Ramos,4-1-4-1,4-2-3-1,Mario Melero,Match Report,,18_19,0.4,1.2
12/12/18,18:55,Champions Lg,Group stage,Wed,Home,L,0.0,3.0,ru CSKA Moscow,68.0,51636.0,Marcelo,4-2-3-1,3-4-3,Hugo Miguel,Match Report,,18_19,1.3,0.9
12/15/18,18:30,La Liga,Matchweek 16,Sat,Home,W,1.0,0.0,Rayo Vallecano,69.0,55229.0,Sergio Ramos,4-3-3,4-1-4-1,Ricardo de Burgos,Match Report,,18_19,1.2,0.7
1/3/19,21:30,La Liga,Matchweek 17,Thu,Away,D,2.0,2.0,Villarreal,54.0,19903.0,Sergio Ramos,4-3-3,4-2-3-1,Pablo González,Match Report,,18_19,1.6,1.2
1/6/19,18:30,La Liga,Matchweek 18,Sun,Home,L,0.0,2.0,Real Sociedad,59.0,53412.0,Sergio Ramos,4-3-3,4-2-3-1,José Luis Munuera,Match Report,,18_19,2.6,2.3
1/13/19,20:45,La Liga,Matchweek 19,Sun,Away,W,2.0,1.0,Betis,28.0,54187.0,Sergio Ramos,3-4-3,4-3-3,Alejandro Hernández,Match Report,,18_19,0.7,0.8
1/19/19,16:15,La Liga,Matchweek 20,Sat,Home,W,2.0,0.0,Sevilla,69.0,68232.0,Sergio Ramos,4-3-3,5-3-2,Antonio Matéu Lahoz,Match Report,,18_19,1.5,0.5
1/27/19,20:45,La Liga,Matchweek 21,Sun,Away,W,4.0,2.0,Espanyol,63.0,21215.0,Sergio Ramos,4-3-3,4-3-3,Jesús Gil,Match Report,,18_19,2.1,1.1
2/3/19,20:45,La Liga,Matchweek 22,Sun,Home,W,3.0,0.0,Alavés,70.0,53132.0,Sergio Ramos,4-3-3,4-5-1,Santiago Jaime,Match Report,,18_19,2.5,0.6
2/9/19,16:15,La Liga,Matchweek 23,Sat,Away,W,3.0,1.0,Atlético Madrid,65.0,67752.0,Sergio Ramos,4-3-3,4-4-2,Javier Estrada,Match Report,,18_19,1.6,1.1
2/13/19,21:00,Champions Lg,Round of 16,Wed,Away,W,2.0,1.0,nl Ajax,50.0,52286.0,Sergio Ramos,4-3-3,4-2-3-1,Szymon Marciniak,Match Report,Leg 1 of 2,18_19,1.5,2.2
2/17/19,12:00,La Liga,Matchweek 24,Sun,Home,L,1.0,2.0,Girona,57.0,68099.0,Sergio Ramos,4-3-3,4-1-4-1,Guillermo Cuadra,Match Report,,18_19,1.8,2.6
2/24/19,20:45,La Liga,Matchweek 25,Sun,Away,W,2.0,1.0,Levante,60.0,23018.0,Karim Benzema,4-3-3,3-5-2,Ignacio Iglesias,Match Report,,18_19,2.7,1.2
3/2/19,20:45,La Liga,Matchweek 26,Sat,Home,L,0.0,1.0,Barcelona,49.0,78921.0,Sergio Ramos,4-3-3,4-3-3,Alberto Undiano,Match Report,,18_19,0.9,1.1
3/5/19,21:00,Champions Lg,Round of 16,Tue,Home,L,1.0,4.0,nl Ajax,57.0,77013.0,Karim Benzema,4-3-3,4-2-3-1,Felix Brych,Match Report,Leg 2 of 2; Ajax won,18_19,2.5,2.6
3/10/19,20:45,La Liga,Matchweek 27,Sun,Away,W,4.0,1.0,Valladolid,61.0,21914.0,Karim Benzema,4-3-3,4-4-1-1,Jesús Gil,Match Report,,18_19,2.8,2.2
3/16/19,16:15,La Liga,Matchweek 28,Sat,Home,W,2.0,0.0,Celta Vigo,54.0,65054.0,Sergio Ramos,4-2-3-1,4-2-3-1,Juan Martínez,Match Report,,18_19,2.5,0.4
3/31/19,20:45,La Liga,Matchweek 29,Sun,Home,W,3.0,2.0,Huesca,70.0,49269.0,Sergio Ramos,4-3-3,5-3-2,Javier Estrada,Match Report,,18_19,4.1,1.7
4/3/19,21:30,La Liga,Matchweek 30,Wed,Away,L,1.0,2.0,Valencia,67.0,44274.0,Sergio Ramos,4-3-3,4-4-2,Santiago Jaime,Match Report,,18_19,0.8,1.8
4/6/19,16:15,La Liga,Matchweek 31,Sat,Home,W,2.0,1.0,Eibar,56.0,50284.0,Karim Benzema,4-3-3,4-1-4-1,Pablo González,Match Report,,18_19,1.6,0.8
4/15/19,21:00,La Liga,Matchweek 32,Mon,Away,D,1.0,1.0,Leganés,69.0,12118.0,Marcelo,4-3-3,5-3-2,David Medié,Match Report,,18_19,1.2,0.6
4/21/19,16:15,La Liga,Matchweek 33,Sun,Home,W,3.0,0.0,Athletic Club,57.0,59815.0,Marcelo,4-3-3,4-2-3-1,Mario Melero,Match Report,,18_19,1.9,0.5
4/25/19,21:30,La Liga,Matchweek 34,Thu,Away,D,0.0,0.0,Getafe,66.0,13135.0,Karim Benzema,4-3-3,4-4-2,Ricardo de Burgos,Match Report,,18_19,1.8,0.6
4/28/19,20:45,La Liga,Matchweek 35,Sun,Away,L,0.0,1.0,Rayo Vallecano,50.0,13273.0,Marcelo,4-2-2-2,4-2-3-1,Pablo González,Match Report,,18_19,0.5,1.8
5/5/19,16:15,La Liga,Matchweek 36,Sun,Home,W,3.0,2.0,Villarreal,60.0,46294.0,Marcelo,4-3-3,4-2-3-1,Jesús Gil,Match Report,,18_19,2.7,0.7
5/12/19,18:30,La Liga,Matchweek 37,Sun,Away,L,1.0,3.0,Real Sociedad,46.0,27322.0,Marcelo,4-3-3,4-2-3-1,Juan Martínez,Match Report,,18_19,0.9,2.1
5/19/19,12:00,La Liga,Matchweek 38,Sun,Home,L,0.0,2.0,Betis,47.0,56900.0,Marcelo,4-3-3,3-1-4-2,Alberto Undiano,Match Report,,18_19,0.9,1.3
,,,,,,,,,,,,,,,,,,18_19,,
,,,,,,,,,,,,,,,,,,18_19,,
,,,,,,,,,,,,,,,,,,18_19,,
,,,,,,,,,,,,,,,,,,18_19,,
,,,,,,,,,,,,,,,,,,18_19,,
8/17/19,17:00,La Liga,Matchweek 1,Sat,Away,W,3.0,1.0,Celta Vigo,44.0,23566.0,Sergio Ramos,4-3-3,4-2-2-2,Javier Estrada,Match Report,,19_20,2.1,1.6
8/24/19,19:00,La Liga,Matchweek 2,Sat,Home,D,1.0,1.0,Valladolid,66.0,63037.0,Sergio Ramos,4-1-4-1,4-4-2,Pablo González,Match Report,,19_20,1.7,1.2
9/1/19,21:00,La Liga,Matchweek 3,Sun,Away,D,2.0,2.0,Villarreal,56.0,20128.0,Sergio Ramos,4-4-2,4-4-2,Jesús Gil,Match Report,,19_20,1.9,1.4
9/14/19,13:00,La Liga,Matchweek 4,Sat,Home,W,3.0,2.0,Levante,65.0,60401.0,Sergio Ramos,4-1-4-1,5-3-2,Ricardo de Burgos,Match Report,,19_20,2.9,1.2
9/18/19,21:00,Champions Lg,Group stage,Wed,Away,L,0.0,3.0,fr Paris S-G,48.0,46361.0,Karim Benzema,4-3-3,4-3-3,Anthony Taylor,Match Report,,19_20,0.6,1.7
9/22/19,21:00,La Liga,Matchweek 5,Sun,Away,W,1.0,0.0,Sevilla,45.0,42354.0,Sergio Ramos,4-2-3-1,4-3-3,Juan Martínez,Match Report,,19_20,1.2,0.5
9/25/19,21:00,La Liga,Matchweek 6,Wed,Home,W,2.0,0.0,Osasuna,55.0,57520.0,Sergio Ramos,4-1-4-1,4-4-2,Antonio Matéu Lahoz,Match Report,,19_20,1.6,0.2
9/28/19,21:00,La Liga,Matchweek 7,Sat,Away,D,0.0,0.0,Atlético Madrid,55.0,68032.0,Sergio Ramos,4-1-4-1,4-4-2,José González,Match Report,,19_20,0.4,0.9
10/1/19,18:55,Champions Lg,Group stage,Tue,Home,D,2.0,2.0,be Club Brugge,73.0,65112.0,Sergio Ramos,4-3-3,3-1-4-2,Georgi Kabakov,Match Report,,19_20,2.3,1.4
10/5/19,16:00,La Liga,Matchweek 8,Sat,Home,W,4.0,2.0,Granada,61.0,70315.0,Sergio Ramos,4-3-3,4-1-4-1,Santiago Jaime,Match Report,,19_20,2.6,1.6
10/19/19,21:00,La Liga,Matchweek 9,Sat,Away,L,0.0,1.0,Mallorca,63.0,20275.0,Sergio Ramos,4-4-2,4-3-3,Alberola Rojas,Match Report,,19_20,1.0,0.2
10/22/19,22:00,Champions Lg,Group stage,Tue,Away,W,1.0,0.0,tr Galatasaray,44.0,48886.0,Sergio Ramos,4-3-3,3-4-1-2,Daniele Orsato,Match Report,,19_20,2.4,1.2
10/30/19,21:15,La Liga,Matchweek 11,Wed,Home,W,5.0,0.0,Leganés,61.0,53870.0,Sergio Ramos,4-3-3,4-2-3-1,César Soto,Match Report,,19_20,4.8,0.3
11/2/19,21:00,La Liga,Matchweek 12,Sat,Home,D,0.0,0.0,Betis,63.0,70375.0,Sergio Ramos,4-3-3,5-3-2,José Sánchez,Match Report,,19_20,2.8,0.5
11/6/19,21:00,Champions Lg,Group stage,Wed,Home,W,6.0,0.0,tr Galatasaray,69.0,65492.0,Sergio Ramos,4-3-3,4-3-3,Felix Zwayer,Match Report,,19_20,4.2,0.6
11/9/19,18:30,La Liga,Matchweek 13,Sat,Away,W,4.0,0.0,Eibar,58.0,7045.0,Sergio Ramos,4-3-3,4-4-2,Adrián Cordero,Match Report,,19_20,2.9,1.0
11/23/19,21:00,La Liga,Matchweek 14,Sat,Home,W,3.0,1.0,Real Sociedad,54.0,69305.0,Sergio Ramos,4-3-3,4-2-3-1,Jesús Gil,Match Report,,19_20,1.4,1.6
11/26/19,21:00,Champions Lg,Group stage,Tue,Home,D,2.0,2.0,fr Paris S-G,53.0,75534.0,Sergio Ramos,4-3-1-2,4-3-3,Artur Soares Dias,Match Report,,19_20,3.9,2.4
11/30/19,13:00,La Liga,Matchweek 15,Sat,Away,W,2.0,1.0,Alavés,64.0,19357.0,Sergio Ramos,4-3-3,4-4-2,Guillermo Cuadra,Match Report,,19_20,1.8,1.3
12/7/19,13:00,La Liga,Matchweek 16,Sat,Home,W,2.0,0.0,Espanyol,60.0,64125.0,Sergio Ramos,4-3-3,3-1-4-2,Santiago Jaime,Match Report,,19_20,2.4,0.5
12/11/19,21:00,Champions Lg,Group stage,Wed,Away,W,3.0,1.0,be Club Brugge,57.0,27308.0,Raphaël Varane,4-2-3-1,3-1-4-2,Tobias Stieler,Match Report,,19_20,1.2,1.0
12/15/19,21:00,La Liga,Matchweek 17,Sun,Away,D,1.0,1.0,Valencia,64.0,44230.0,Sergio Ramos,4-3-3,4-4-2,José Sánchez,Match Report,,19_20,1.7,2.3
12/18/19,20:00,La Liga,Matchweek 10,Wed,Away,D,0.0,0.0,Barcelona,48.0,93426.0,Sergio Ramos,4-1-2-1-2,4-3-3,Alejandro Hernández,Match Report,,19_20,0.8,0.9
12/22/19,21:00,La Liga,Matchweek 18,Sun,Home,D,0.0,0.0,Athletic Club,69.0,71306.0,Sergio Ramos,4-3-3,5-3-2,Adrián Cordero,Match Report,,19_20,2.5,0.4
1/4/20,16:00,La Liga,Matchweek 19,Sat,Away,W,3.0,0.0,Getafe,55.0,15426.0,Karim Benzema,4-3-3,4-4-2,José Luis Munuera,Match Report,,19_20,1.8,1.3
1/18/20,16:00,La Liga,Matchweek 20,Sat,Home,W,2.0,1.0,Sevilla,52.0,72512.0,Marcelo,4-3-3,4-3-3,Juan Martínez,Match Report,,19_20,1.3,0.4
1/26/20,21:00,La Liga,Matchweek 21,Sun,Away,W,1.0,0.0,Valladolid,61.0,23404.0,Sergio Ramos,4-3-3,4-3-1-2,Ricardo de Burgos,Match Report,,19_20,0.6,0.3
2/1/20,16:00,La Liga,Matchweek 22,Sat,Home,W,1.0,0.0,Atlético Madrid,64.0,77223.0,Sergio Ramos,4-2-3-1,4-4-2,Javier Estrada,Match Report,,19_20,1.1,0.4
2/9/20,16:00,La Liga,Matchweek 23,Sun,Away,W,4.0,1.0,Osasuna,55.0,17000.0,Sergio Ramos,4-3-3,4-4-2,Jesús Gil,Match Report,,19_20,2.6,0.9
2/16/20,21:00,La Liga,Matchweek 24,Sun,Home,D,2.0,2.0,Celta Vigo,66.0,62477.0,Sergio Ramos,4-3-3,3-5-2,Alberola Rojas,Match Report,,19_20,2.0,1.0
2/22/20,21:00,La Liga,Matchweek 25,Sat,Away,L,0.0,1.0,Levante,63.0,23566.0,Sergio Ramos,4-3-3,4-4-2,Alejandro Hernández,Match Report,,19_20,1.9,0.7
2/26/20,21:00,Champions Lg,Round of 16,Wed,Home,L,1.0,2.0,eng Manchester City,49.0,75615.0,Sergio Ramos,4-3-3,4-4-1-1,Daniele Orsato,Match Report,Leg 1 of 2,19_20,1.2,3.2
3/1/20,21:00,La Liga,Matchweek 26,Sun,Home,W,2.0,0.0,Barcelona,44.0,78357.0,Sergio Ramos,4-1-4-1,4-4-2,Antonio Matéu Lahoz,Match Report,,19_20,1.1,1.5
3/8/20,21:00,La Liga,Matchweek 27,Sun,Away,L,1.0,2.0,Betis,57.0,51521.0,Sergio Ramos,4-1-4-1,4-4-1-1,José González,Match Report,,19_20,2.1,1.3
6/14/20,19:30,La Liga,Matchweek 28,Sun,Home,W,3.0,1.0,Eibar,55.0,,Sergio Ramos,4-3-3,4-1-4-1,Guillermo Cuadra,Match Report,,19_20,1.0,0.5
6/18/20,22:00,La Liga,Matchweek 29,Thu,Home,W,3.0,0.0,Valencia,63.0,,Sergio Ramos,4-3-3,4-4-2,José Sánchez,Match Report,,19_20,1.9,0.2
6/21/20,22:00,La Liga,Matchweek 30,Sun,Away,W,2.0,1.0,Real Sociedad,49.0,,Sergio Ramos,4-3-3,4-2-3-1,Javier Estrada,Match Report,,19_20,1.3,0.4
6/24/20,22:00,La Liga,Matchweek 31,Wed,Home,W,2.0,0.0,Mallorca,55.0,,Sergio Ramos,4-2-3-1,3-5-2,Mario Melero,Match Report,,19_20,1.3,0.6
6/28/20,22:00,La Liga,Matchweek 32,Sun,Away,W,1.0,0.0,Espanyol,68.0,,Sergio Ramos,4-3-3,4-4-1-1,Antonio Matéu Lahoz,Match Report,,19_20,2.1,0.8
7/2/20,22:00,La Liga,Matchweek 33,Thu,Home,W,1.0,0.0,Getafe,67.0,,Sergio Ramos,4-3-3,4-4-1-1,Juan Martínez,Match Report,,19_20,1.8,0.5
7/5/20,14:00,La Liga,Matchweek 34,Sun,Away,W,1.0,0.0,Athletic Club,56.0,,Sergio Ramos,4-3-3,4-2-3-1,José González,Match Report,,19_20,2.5,0.3
7/10/20,22:00,La Liga,Matchweek 35,Fri,Home,W,2.0,0.0,Alavés,70.0,,Karim Benzema,4-3-3,4-4-2,Jesús Gil,Match Report,,19_20,2.2,1.2
7/13/20,22:00,La Liga,Matchweek 36,Mon,Away,W,2.0,1.0,Granada,62.0,,Sergio Ramos,4-3-2-1,3-4-3,Santiago Jaime,Match Report,,19_20,0.4,0.9
7/16/20,21:00,La Liga,Matchweek 37,Thu,Home,W,2.0,1.0,Villarreal,57.0,,Sergio Ramos,4-3-3,4-2-3-1,Alejandro Hernández,Match Report,,19_20,1.6,1.1
7/19/20,21:00,La Liga,Matchweek 38,Sun,Away,D,2.0,2.0,Leganés,64.0,,Sergio Ramos,4-3-3,5-4-1,Guillermo Cuadra,Match Report,,19_20,0.8,1.4
8/7/20,20:00,Champions Lg,Round of 16,Fri,Away,L,1.0,2.0,eng Manchester City,45.0,,Karim Benzema,4-3-3,4-3-3,Felix Brych,Match Report,Leg 2 of 2; Manchester City won,19_20,0.8,2.1
,,,,,,,,,,,,,,,,,,19_20,,
,,,,,,,,,,,,,,,,,,19_20,,
,,,,,,,,,,,,,,,,,,19_20,,
,,,,,,,,,,,,,,,,,,19_20,,
,,,,,,,,,,,,,,,,,,19_20,,
9/20/20,21:00,La Liga,Matchweek 2,Sun,Away,D,0.0,0.0,Real Sociedad,68.0,,Sergio Ramos,4-2-3-1,4-4-2,Juan Martínez,Match Report,,20_21,0.9,0.6
9/26/20,21:00,La Liga,Matchweek 3,Sat,Away,W,3.0,2.0,Betis,55.0,,Sergio Ramos,4-3-1-2,4-2-3-1,Ricardo de Burgos,Match Report,,20_21,3.8,1.2
9/30/20,21:30,La Liga,Matchweek 4,Wed,Home,W,1.0,0.0,Valladolid,62.0,,Sergio Ramos,4-3-1-2,4-2-3-1,César Soto,Match Report,,20_21,2.3,0.6
10/4/20,16:00,La Liga,Matchweek 5,Sun,Away,W,2.0,0.0,Levante,55.0,,Sergio Ramos,4-3-3,4-4-2,José Luis Munuera,Match Report,,20_21,2.2,0.5
10/17/20,18:30,La Liga,Matchweek 6,Sat,Home,L,0.0,1.0,Cádiz,75.0,,Sergio Ramos,4-3-3,4-4-2,Santiago Jaime,Match Report,,20_21,1.0,1.6
10/21/20,18:55,Champions Lg,Group stage,Wed,Home,L,2.0,3.0,ua Shakhtar,59.0,,Marcelo,4-3-3,4-1-4-1,Srđan Jovanović,Match Report,,20_21,1.0,1.7
10/24/20,16:00,La Liga,Matchweek 7,Sat,Away,W,3.0,1.0,Barcelona,47.0,,Sergio Ramos,4-3-3,4-4-2,Juan Martínez,Match Report,,20_21,3.0,1.8
10/27/20,21:00,Champions Lg,Group stage,Tue,Away,D,2.0,2.0,de Gladbach,65.0,,Sergio Ramos,4-3-3,4-2-3-1,Orel Grinfeeld,Match Report,,20_21,2.6,1.6
10/31/20,14:00,La Liga,Matchweek 8,Sat,Home,W,4.0,1.0,Huesca,60.0,,Sergio Ramos,4-3-3,4-4-2,Pablo González,Match Report,,20_21,2.3,1.0
11/3/20,21:00,Champions Lg,Group stage,Tue,Home,W,3.0,2.0,it Inter,55.0,,Sergio Ramos,4-3-3,3-5-2,Clément Turpin,Match Report,,20_21,1.2,0.7
11/8/20,21:00,La Liga,Matchweek 9,Sun,Away,L,1.0,4.0,Valencia,65.0,,Sergio Ramos,4-2-3-1,4-4-2,Jesús Gil,Match Report,,20_21,1.3,2.5
11/21/20,16:15,La Liga,Matchweek 10,Sat,Away,D,1.0,1.0,Villarreal,53.0,,Raphaël Varane,4-2-3-1,4-4-2,Alejandro Hernández,Match Report,,20_21,0.6,1.7
11/25/20,21:00,Champions Lg,Group stage,Wed,Away,W,2.0,0.0,it Inter,62.0,,Raphaël Varane,4-2-3-1,3-5-2,Anthony Taylor,Match Report,,20_21,2.0,0.2
11/28/20,21:00,La Liga,Matchweek 11,Sat,Home,L,1.0,2.0,Alavés,67.0,,Marcelo,4-3-3,4-4-2,Adrián Cordero,Match Report,,20_21,1.7,2.2
12/1/20,19:55,Champions Lg,Group stage,Tue,Away,L,0.0,2.0,ua Shakhtar,59.0,,Karim Benzema,4-2-3-1,4-3-3,Ovidiu Hațegan,Match Report,,20_21,1.4,1.3
12/5/20,16:15,La Liga,Matchweek 12,Sat,Away,W,1.0,0.0,Sevilla,37.0,,Karim Benzema,4-3-3,4-3-3,José Sánchez,Match Report,,20_21,1.5,0.7
12/9/20,21:00,Champions Lg,Group stage,Wed,Home,W,2.0,0.0,de Gladbach,63.0,,Sergio Ramos,4-3-3,4-2-3-1,Björn Kuipers,Match Report,,20_21,2.8,1.0
12/12/20,21:00,La Liga,Matchweek 13,Sat,Home,W,2.0,0.0,Atlético Madrid,56.0,,Sergio Ramos,4-3-3,3-5-2,Antonio Matéu Lahoz,Match Report,,20_21,0.9,0.7
12/15/20,22:00,La Liga,Matchweek 19,Tue,Home,W,3.0,1.0,Athletic Club,68.0,,Sergio Ramos,4-2-3-1,4-2-3-1,Jesús Gil,Match Report,,20_21,2.2,0.8
12/20/20,21:00,La Liga,Matchweek 14,Sun,Away,W,3.0,1.0,Eibar,66.0,,Sergio Ramos,4-3-3,4-4-2,José Luis Munuera,Match Report,,20_21,2.2,0.7
12/23/20,19:45,La Liga,Matchweek 15,Wed,Home,W,2.0,0.0,Granada,66.0,,Sergio Ramos,4-3-3,4-1-4-1,Juan Martínez,Match Report,,20_21,1.8,0.8
12/30/20,21:30,La Liga,Matchweek 16,Wed,Away,D,1.0,1.0,Elche,67.0,,Sergio Ramos,4-3-3,4-1-4-1,Jorge Figueroa,Match Report,,20_21,1.4,1.0
1/2/21,21:00,La Liga,Matchweek 17,Sat,Home,W,2.0,0.0,Celta Vigo,41.0,,Karim Benzema,4-3-3,4-1-3-2,Ricardo de Burgos,Match Report,,20_21,1.0,0.7
1/9/21,21:00,La Liga,Matchweek 18,Sat,Away,D,0.0,0.0,Osasuna,69.0,,Sergio Ramos,4-3-3,4-1-4-1,César Soto,Match Report,,20_21,0.4,0.6
1/23/21,21:00,La Liga,Matchweek 20,Sat,Away,W,4.0,1.0,Alavés,60.0,,Karim Benzema,4-3-3,4-4-2,Alejandro Hernández,Match Report,,20_21,1.4,0.7
1/30/21,16:15,La Liga,Matchweek 21,Sat,Home,L,1.0,2.0,Levante,47.0,,Karim Benzema,4-3-3,4-4-2,David Medié,Match Report,,20_21,1.3,1.8
2/6/21,16:15,La Liga,Matchweek 22,Sat,Away,W,2.0,1.0,Huesca,65.0,,Karim Benzema,4-3-3,3-5-2,Javier Estrada,Match Report,,20_21,3.4,1.0
2/9/21,21:00,La Liga,Matchweek 1,Tue,Home,W,2.0,0.0,Getafe,67.0,,Marcelo,3-4-3,4-4-2,Alberola Rojas,Match Report,,20_21,1.6,0.1
2/14/21,16:15,La Liga,Matchweek 23,Sun,Home,W,2.0,0.0,Valencia,61.0,,Karim Benzema,4-3-3,4-4-2,José Sánchez,Match Report,,20_21,0.8,0.1
2/20/21,21:00,La Liga,Matchweek 24,Sat,Away,W,1.0,0.0,Valladolid,64.0,,Raphaël Varane,4-3-3,4-2-3-1,Guillermo Cuadra,Match Report,,20_21,0.8,1.0
2/24/21,21:00,Champions Lg,Round of 16,Wed,Away,W,1.0,0.0,it Atalanta,68.0,,Raphaël Varane,4-3-3,3-4-1-2,Tobias Stieler,Match Report,Leg 1 of 2,20_21,1.5,0.1
3/1/21,21:00,La Liga,Matchweek 25,Mon,Home,D,1.0,1.0,Real Sociedad,59.0,,Raphaël Varane,4-3-3,4-2-3-1,Jesús Gil,Match Report,,20_21,2.2,0.8
3/7/21,16:15,La Liga,Matchweek 26,Sun,Away,D,1.0,1.0,Atlético Madrid,61.0,,Karim Benzema,4-3-3,4-1-4-1,Alejandro Hernández,Match Report,,20_21,1.6,1.4
3/13/21,16:15,La Liga,Matchweek 27,Sat,Home,W,2.0,1.0,Elche,65.0,,Sergio Ramos,3-1-4-2,4-4-2,Jorge Figueroa,Match Report,,20_21,1.6,0.5
3/16/21,21:00,Champions Lg,Round of 16,Tue,Home,W,3.0,1.0,it Atalanta,53.0,,Sergio Ramos,3-5-2,3-4-3,Danny Makkelie,Match Report,Leg 2 of 2; Real Madrid won,20_21,2.7,1.3
3/20/21,16:15,La Liga,Matchweek 28,Sat,Away,W,3.0,1.0,Celta Vigo,49.0,,Karim Benzema,4-1-2-1-2,4-1-3-2,Mario Melero,Match Report,,20_21,2.5,0.6
4/3/21,16:15,La Liga,Matchweek 29,Sat,Home,W,2.0,0.0,Eibar,63.0,,Marcelo,3-4-3,4-1-4-1,Isidro Díaz de Mera,Match Report,,20_21,1.8,0.4
4/6/21,21:00,Champions Lg,Quarter-finals,Tue,Home,W,3.0,1.0,eng Liverpool,45.0,,Karim Benzema,4-3-3,4-3-3,Felix Brych,Match Report,Leg 1 of 2,20_21,2.1,0.7
4/10/21,21:00,La Liga,Matchweek 30,Sat,Home,W,2.0,1.0,Barcelona,31.0,,Karim Benzema,4-1-4-1,3-4-3,Jesús Gil,Match Report,,20_21,1.5,1.3
4/14/21,20:00,Champions Lg,Quarter-finals,Wed,Away,D,0.0,0.0,eng Liverpool,44.0,,Karim Benzema,4-3-3,4-3-3,Björn Kuipers,Match Report,Leg 2 of 2; Real Madrid won,20_21,0.8,1.2
4/18/21,21:00,La Liga,Matchweek 33,Sun,Away,D,0.0,0.0,Getafe,58.0,,Marcelo,4-2-3-1,4-4-2,José Sánchez,Match Report,,20_21,0.5,1.8
4/21/21,22:00,La Liga,Matchweek 31,Wed,Away,W,3.0,0.0,Cádiz,61.0,,Marcelo,3-4-3,4-4-2,Antonio Matéu Lahoz,Match Report,,20_21,3.2,1.0
4/24/21,21:00,La Liga,Matchweek 32,Sat,Home,D,0.0,0.0,Betis,57.0,,Karim Benzema,4-3-3,4-2-3-1,Javier Estrada,Match Report,,20_21,1.0,0.9
4/27/21,21:00,Champions Lg,Semi-finals,Tue,Home,D,1.0,1.0,eng Chelsea,51.0,,Marcelo,3-5-2,3-5-2,Danny Makkelie,Match Report,Leg 1 of 2,20_21,0.7,1.7
5/1/21,21:00,La Liga,Matchweek 34,Sat,Home,W,2.0,0.0,Osasuna,65.0,,Marcelo,4-2-3-1,4-1-4-1,Guillermo Cuadra,Match Report,,20_21,1.7,0.1
5/5/21,20:00,Champions Lg,Semi-finals,Wed,Away,L,0.0,2.0,eng Chelsea,67.0,,Sergio Ramos,3-5-2,3-1-4-2,Daniele Orsato,Match Report,Leg 2 of 2; Chelsea won,20_21,0.5,4.0
5/9/21,21:00,La Liga,Matchweek 35,Sun,Home,D,2.0,2.0,Sevilla,58.0,,Marcelo,4-3-3,4-3-3,Juan Martínez,Match Report,,20_21,0.9,1.2
5/13/21,22:00,La Liga,Matchweek 36,Thu,Away,W,4.0,1.0,Granada,64.0,,Karim Benzema,4-3-3,4-2-3-1,Jesús Gil,Match Report,,20_21,1.3,1.9
5/16/21,18:30,La Liga,Matchweek 37,Sun,Away,W,1.0,0.0,Athletic Club,64.0,,Karim Benzema,4-3-3,4-4-2,Antonio Matéu Lahoz,Match Report,,20_21,1.0,0.7
5/22/21,18:00,La Liga,Matchweek 38,Sat,Home,W,2.0,1.0,Villarreal,56.0,,Karim Benzema,4-3-3,4-4-2,José Luis Munuera,Match Report,,20_21,1.2,0.6
,,,,,,,,,,,,,,,,,,20_21,,
8/14/21,22:00,La Liga,Matchweek 1,Sat,Away,W,4,1,Alavés,58.0,3968.0,Karim Benzema,4-3-3,4-2-3-1,César Soto,Match Report,,21_22,1.7,1.7
8/22/21,22:00,La Liga,Matchweek 2,Sun,Away,D,3,3,Levante,61.0,9838.0,Karim Benzema,4-3-3,4-3-3,Guillermo Cuadra,Match Report,,21_22,1.6,1.9
8/28/21,22:00,La Liga,Matchweek 3,Sat,Away,W,1,0,Betis,50.0,22590.0,Karim Benzema,4-3-3,4-2-3-1,Alejandro Hernández,Match Report,,21_22,0.9,0.6
9/12/21,21:00,La Liga,Matchweek 4,Sun,Home,W,5,2,Celta Vigo,60.0,19874.0,Karim Benzema,4-4-2,4-1-3-2,José Sánchez,Match Report,,21_22,3.2,1.8
9/15/21,21:00,Champions Lg,Group stage,Wed,Away,W,1,0,it Inter,53.0,37082.0,Karim Benzema,4-3-3,3-5-2,Daniel Siebert,Match Report,,21_22,1.2,2.4
9/19/21,21:00,La Liga,Matchweek 5,Sun,Away,W,2,1,Valencia,61.0,26689.0,Karim Benzema,4-4-1-1,4-4-2,Pablo González,Match Report,,21_22,1.3,0.9
9/22/21,22:00,La Liga,Matchweek 6,Wed,Home,W,6,1,Mallorca,59.0,20113.0,Karim Benzema,4-3-3,4-2-3-1,Alberola Rojas,Match Report,,21_22,2.6,1.4
9/25/21,21:00,La Liga,Matchweek 7,Sat,Home,D,0,0,Villarreal,48.0,23985.0,Karim Benzema,4-3-3,4-3-3,Jesús Gil,Match Report,,21_22,1.1,0.5
9/28/21,21:00,Champions Lg,Group stage,Tue,Home,L,1,2,md Sheriff Tiraspol,75.0,24522.0,Karim Benzema,4-3-3,4-2-3-1,Lawrence Visser,Match Report,,21_22,3.1,0.4
10/3/21,16:15,La Liga,Matchweek 8,Sun,Away,L,1,2,Espanyol,65.0,23377.0,Karim Benzema,4-1-3-2,4-1-4-1,Guillermo Cuadra,Match Report,,21_22,1.6,1.2
10/19/21,22:00,Champions Lg,Group stage,Tue,Away,W,5,0,ua Shakhtar,58.0,34037.0,Karim Benzema,4-3-3,4-2-3-1,Srđan Jovanović,Match Report,,21_22,2.6,0.7
10/24/21,16:15,La Liga,Matchweek 10,Sun,Away,W,2,1,Barcelona,49.0,86422.0,Karim Benzema,4-3-3,4-3-3,José Sánchez,Match Report,,21_22,1.5,1.6
10/27/21,21:30,La Liga,Matchweek 11,Wed,Home,D,0,0,Osasuna,74.0,35691.0,Karim Benzema,4-3-3,5-3-2,César Soto,Match Report,,21_22,0.7,0.5
10/30/21,14:00,La Liga,Matchweek 12,Sat,Away,W,2,1,Elche,56.0,23010.0,Marcelo,4-3-3,4-4-1-1,Ricardo de Burgos,Match Report,,21_22,1.1,1.1
11/3/21,18:45,Champions Lg,Group stage,Wed,Home,W,2,1,ua Shakhtar,54.0,38105.0,Karim Benzema,4-3-3,4-2-3-1,Benoît Bastien,Match Report,,21_22,2.0,1.3
11/6/21,21:00,La Liga,Matchweek 13,Sat,Home,W,2,1,Rayo Vallecano,54.0,43283.0,Karim Benzema,4-3-3,4-2-3-1,Pablo González,Match Report,,21_22,2.1,1.4
11/21/21,16:15,La Liga,Matchweek 14,Sun,Away,W,4,1,Granada,68.0,17460.0,Karim Benzema,4-3-3,4-4-2,Juan Martínez,Match Report,,21_22,3.5,0.7
11/24/21,22:00,Champions Lg,Group stage,Wed,Away,W,3,0,md Sheriff Tiraspol,69.0,5932.0,Karim Benzema,4-3-3,4-2-3-1,Szymon Marciniak,Match Report,,21_22,1.5,1.4
11/28/21,21:00,La Liga,Matchweek 15,Sun,Home,W,2,1,Sevilla,53.0,45281.0,Karim Benzema,4-3-3,4-3-3,José Sánchez,Match Report,,21_22,1.2,0.7
12/1/21,21:00,La Liga,Matchweek 9,Wed,Home,W,1,0,Athletic Club,62.0,33627.0,Karim Benzema,4-3-3,4-4-2,Isidro Díaz de Mera,Match Report,,21_22,1.8,2.4
12/4/21,21:00,La Liga,Matchweek 16,Sat,Away,W,2,0,Real Sociedad,49.0,35765.0,Karim Benzema,4-3-3,4-4-2,Jesús Gil,Match Report,,21_22,1.6,0.7
12/7/21,21:00,Champions Lg,Group stage,Tue,Home,W,2,0,it Inter,50.0,44887.0,Luka Modrić,4-3-3,3-5-2,Felix Brych,Match Report,,21_22,1.2,0.9
12/12/21,21:00,La Liga,Matchweek 17,Sun,Home,W,2,0,Atlético Madrid,61.0,51024.0,Karim Benzema,4-3-3,4-4-2,Antonio Matéu Lahoz,Match Report,,21_22,0.4,0.7
12/19/21,21:00,La Liga,Matchweek 18,Sun,Home,D,0,0,Cádiz,82.0,38818.0,Karim Benzema,4-3-3,4-2-3-1,Santiago Jaime,Match Report,,21_22,2.0,0.2
12/22/21,21:30,La Liga,Matchweek 21,Wed,Away,W,2,1,Athletic Club,59.0,42722.0,Karim Benzema,4-3-3,4-4-2,César Soto,Match Report,,21_22,1.1,1.0
1/2/22,14:00,La Liga,Matchweek 19,Sun,Away,L,0,1,Getafe,73.0,11890.0,Karim Benzema,4-3-3,5-3-2,Mario Melero,Match Report,,21_22,0.7,0.9
1/8/22,21:00,La Liga,Matchweek 20,Sat,Home,W,4,1,Valencia,67.0,40617.0,Karim Benzema,4-3-3,4-4-2,Alejandro Hernández,Match Report,,21_22,3.9,1.3
1/23/22,16:15,La Liga,Matchweek 22,Sun,Home,D,2,2,Elche,65.0,39796.0,Karim Benzema,4-3-3,4-4-2,Ricardo de Burgos,Match Report,,21_22,3.4,0.6
2/6/22,21:00,La Liga,Matchweek 23,Sun,Home,W,1,0,Granada,66.0,36665.0,Marcelo,4-3-3,4-4-2,Antonio Matéu Lahoz,Match Report,,21_22,2.1,0.6
2/12/22,16:15,La Liga,Matchweek 24,Sat,Away,D,0,0,Villarreal,56.0,17894.0,Marcelo,4-3-3,4-4-2,José Sánchez,Match Report,,21_22,1.7,0.4
2/15/22,21:00,Champions Lg,Round of 16,Tue,Away,L,0,1,fr Paris S-G,43.0,47443.0,Karim Benzema,4-3-3,4-3-3,Daniele Orsato,Match Report,Leg 1 of 2,21_22,0.2,2.0
2/19/22,21:00,La Liga,Matchweek 25,Sat,Home,W,3,0,Alavés,69.0,42180.0,Karim Benzema,4-3-3,4-1-4-1,José Luis Munuera,Match Report,,21_22,2.9,0.6
2/26/22,18:30,La Liga,Matchweek 26,Sat,Away,W,1,0,Rayo Vallecano,66.0,9952.0,Karim Benzema,4-3-3,4-2-3-1,Isidro Díaz de Mera,Match Report,,21_22,2.1,0.9
3/5/22,21:00,La Liga,Matchweek 27,Sat,Home,W,4,1,Real Sociedad,64.0,52410.0,Karim Benzema,4-3-3,4-4-2,Jesús Gil,Match Report,,21_22,2.0,0.8
3/9/22,21:00,Champions Lg,Round of 16,Wed,Home,W,3,1,fr Paris S-G,44.0,59895.0,Karim Benzema,4-3-3,4-3-3,Danny Makkelie,Match Report,Leg 2 of 2; Real Madrid won,21_22,2.0,0.8
3/14/22,21:00,La Liga,Matchweek 28,Mon,Away,W,3,0,Mallorca,62.0,17191.0,Karim Benzema,4-3-3,4-4-2,José Sánchez,Match Report,,21_22,1.8,1.4
3/20/22,21:00,La Liga,Matchweek 29,Sun,Home,L,0,4,Barcelona,40.0,60017.0,Nacho,4-2-4,4-3-3,Juan Martínez,Match Report,,21_22,0.8,3.4
4/2/22,18:30,La Liga,Matchweek 30,Sat,Away,W,2,1,Celta Vigo,45.0,15714.0,Karim Benzema,4-3-3,4-1-3-2,Pablo González,Match Report,,21_22,2.9,1.6
4/6/22,20:00,Champions Lg,Quarter-finals,Wed,Away,W,3,1,eng Chelsea,43.0,38689.0,Karim Benzema,4-3-3,3-4-3,Clément Turpin,Match Report,Leg 1 of 2,21_22,1.8,1.3
4/9/22,21:00,La Liga,Matchweek 31,Sat,Home,W,2,0,Getafe,68.0,50740.0,Marcelo,4-3-3,5-3-2,César Soto,Match Report,,21_22,1.6,0.4
4/12/22,21:00,Champions Lg,Quarter-finals,Tue,Home,L,2,3,eng Chelsea,43.0,59839.0,Karim Benzema,4-3-3,3-4-1-2,Szymon Marciniak,Match Report,Leg 2 of 2; Real Madrid won; Required Extra Time,21_22,1.2,2.7
4/17/22,21:00,La Liga,Matchweek 32,Sun,Away,W,3,2,Sevilla,60.0,40629.0,Karim Benzema,4-3-3,4-2-3-1,Guillermo Cuadra,Match Report,,21_22,1.2,0.9
4/20/22,21:30,La Liga,Matchweek 33,Wed,Away,W,3,1,Osasuna,65.0,21360.0,Karim Benzema,4-3-3,4-5-1,Ricardo de Burgos,Match Report,,21_22,4.5,1.1
4/26/22,20:00,Champions Lg,Semi-finals,Tue,Away,L,3,4,eng Manchester City,41.0,52217.0,Karim Benzema,4-3-3,4-3-3,István Kovács,Match Report,Leg 1 of 2,21_22,1.6,2.7
4/30/22,16:15,La Liga,Matchweek 34,Sat,Home,W,4,0,Espanyol,58.0,58686.0,Marcelo,4-3-3,4-4-2,José Luis Munuera,Match Report,,21_22,1.8,1.3
5/4/22,21:00,Champions Lg,Semi-finals,Wed,Home,W,3,1,eng Manchester City,45.0,61416.0,Karim Benzema,4-2-3-1,4-3-3,Daniele Orsato,Match Report,Leg 2 of 2; Real Madrid won; Required Extra Time,21_22,2.3,1.4
5/8/22,21:00,La Liga,Matchweek 35,Sun,Away,L,0,1,Atlético Madrid,58.0,63874.0,Nacho,4-3-3,4-4-2,César Soto,Match Report,,21_22,1.1,2.3
5/12/22,21:30,La Liga,Matchweek 36,Thu,Home,W,6,0,Levante,54.0,38421.0,Karim Benzema,4-3-3,5-3-2,Adrián Cordero,Match Report,,21_22,3.5,1.0
5/15/22,19:30,La Liga,Matchweek 37,Sun,Away,D,1,1,Cádiz,61.0,19643.0,Nacho,4-3-3,4-4-2,Antonio Matéu Lahoz,Match Report,,21_22,1.6,2.7
5/20/22,21:00,La Liga,Matchweek 38,Fri,Home,D,0,0,Betis,52.0,52232.0,Karim Benzema,4-3-3,4-2-3-1,Santiago Jaime,Match Report,,21_22,1.2,0.9
5/28/22,21:30,Champions Lg,Final,Sat,Neutral,W,1,0,eng Liverpool,46.0,75000.0,Karim Benzema,4-3-3,4-3-3,Clément Turpin,Match Report,,21_22,0.9,2.2
8/14/22,22:00,La Liga,Matchweek 1,Sun,Away,W,2.0,1.0,Almería,67.0,14386.0,Karim Benzema,4-3-3,5-3-2,Juan Martínez,Match Report,,22_23,2.1,0.7
8/20/22,22:00,La Liga,Matchweek 2,Sat,Away,W,4.0,1.0,Celta Vigo,49.0,15681.0,Karim Benzema,4-3-3,4-1-3-2,Jesús Gil,Match Report,,22_23,3.7,1.4
8/28/22,22:00,La Liga,Matchweek 3,Sun,Away,W,3.0,1.0,Espanyol,64.0,25778.0,Karim Benzema,4-3-3,4-1-4-1,Mario Melero,Match Report,,22_23,2.1,1.3
9/3/22,16:15,La Liga,Matchweek 4,Sat,Home,W,2.0,1.0,Betis,49.0,58579.0,Karim Benzema,4-3-3,4-2-3-1,José Sánchez,Match Report,,22_23,2.9,0.5
9/6/22,20:00,Champions Lg,Group stage,Tue,Away,W,3.0,0.0,sct Celtic,64.0,57057.0,Karim Benzema,4-3-3,4-2-3-1,Sandro Schärer,Match Report,,22_23,1.9,1.4
9/11/22,14:00,La Liga,Matchweek 5,Sun,Home,W,4.0,1.0,Mallorca,68.0,54816.0,Toni Kroos,4-3-3,5-3-2,Jorge Figueroa,Match Report,,22_23,2.3,0.5
9/14/22,21:00,Champions Lg,Group stage,Wed,Home,W,2.0,0.0,de RB Leipzig,52.0,54289.0,Nacho,4-3-3,4-2-3-1,Maurizio Mariani,Match Report,,22_23,0.9,0.7
9/18/22,21:00,La Liga,Matchweek 6,Sun,Away,W,2.0,1.0,Atlético Madrid,46.0,66881.0,Luka Modrić,4-3-3,3-5-2,José Luis Munuera,Match Report,,22_23,0.9,1.0
10/2/22,21:00,La Liga,Matchweek 7,Sun,Home,D,1.0,1.0,Osasuna,64.0,55410.0,Karim Benzema,4-3-3,4-1-4-1,Guillermo Cuadra,Match Report,,22_23,2.5,0.5
10/5/22,21:00,Champions Lg,Group stage,Wed,Home,W,2.0,1.0,ua Shakhtar,59.0,56011.0,Karim Benzema,4-3-3,4-1-4-1,Ivan Kružliak,Match Report,,22_23,3.4,0.8
10/8/22,21:00,La Liga,Matchweek 8,Sat,Away,W,1.0,0.0,Getafe,65.0,14502.0,Luka Modrić,4-3-3,5-3-2,Antonio Matéu Lahoz,Match Report,,22_23,1.4,0.3
10/11/22,22:00,Champions Lg,Group stage,Tue,Away,D,1.0,1.0,ua Shakhtar,58.0,29030.0,Karim Benzema,4-2-3-1,4-1-4-1,Orel Grinfeeld,Match Report,,22_23,1.1,0.5
10/16/22,16:15,La Liga,Matchweek 9,Sun,Home,W,3.0,1.0,Barcelona,44.0,62876.0,Karim Benzema,4-3-3,4-3-3,José Sánchez,Match Report,,22_23,1.1,2.0
10/19/22,21:00,La Liga,Matchweek 10,Wed,Away,W,3.0,0.0,Elche,62.0,30236.0,Karim Benzema,4-3-3,4-1-4-1,Jesús Gil,Match Report,,22_23,1.5,0.8
10/22/22,21:00,La Liga,Matchweek 11,Sat,Home,W,3.0,1.0,Sevilla,56.0,59625.0,Luka Modrić,4-3-3,4-3-3,Alejandro Hernández,Match Report,,22_23,3.0,0.5
10/25/22,21:00,Champions Lg,Group stage,Tue,Away,L,2.0,3.0,de RB Leipzig,56.0,45228.0,Nacho,4-2-3-1,4-2-3-1,Daniele Orsato,Match Report,,22_23,2.1,2.2
10/30/22,16:15,La Liga,Matchweek 12,Sun,Home,D,1.0,1.0,Girona,58.0,58367.0,Luka Modrić,4-3-3,4-1-4-1,Mario Melero,Match Report,,22_23,2.9,1.4
11/2/22,18:45,Champions Lg,Group stage,Wed,Home,W,5.0,1.0,sct Celtic,64.0,52511.0,Luka Modrić,4-3-3,4-5-1,Stéphanie Frappart,Match Report,,22_23,3.8,2.1
11/7/22,21:00,La Liga,Matchweek 13,Mon,Away,L,2.0,3.0,Rayo Vallecano,54.0,14216.0,Luka Modrić,4-3-3,4-2-3-1,Juan Martínez,Match Report,,22_23,2.4,1.5
11/10/22,21:30,La Liga,Matchweek 14,Thu,Home,W,2.0,1.0,Cádiz,66.0,53190.0,Luka Modrić,4-3-3,4-4-2,César Soto,Match Report,,22_23,2.0,0.9
12/30/22,21:30,La Liga,Matchweek 15,Fri,Away,W,2.0,0.0,Valladolid,61.0,25950.0,Karim Benzema,4-3-3,4-3-3,José Luis Munuera,Match Report,,22_23,2.3,0.6
1/7/23,16:15,La Liga,Matchweek 16,Sat,Away,L,1.0,2.0,Villarreal,51.0,21088.0,Karim Benzema,4-3-3,4-3-3,César Soto,Match Report,,22_23,2.2,3.0
1/22/23,21:00,La Liga,Matchweek 18,Sun,Away,W,2.0,0.0,Athletic Club,49.0,49316.0,Karim Benzema,4-3-3,4-2-3-1,José Sánchez,Match Report,,22_23,1.1,1.1
1/29/23,21:00,La Liga,Matchweek 19,Sun,Home,D,0.0,0.0,Real Sociedad,61.0,58129.0,Karim Benzema,4-3-3,4-3-3,Mario Melero,Match Report,,22_23,1.3,0.4
2/2/23,21:00,La Liga,Matchweek 17,Thu,Home,W,2.0,0.0,Valencia,70.0,51926.0,Karim Benzema,4-3-3,4-3-3,Alberola Rojas,Match Report,,22_23,2.3,0.2
2/5/23,14:00,La Liga,Matchweek 20,Sun,Away,L,0.0,1.0,Mallorca,73.0,18258.0,Nacho,4-3-3,5-4-1,Alejandro Hernández,Match Report,,22_23,1.7,0.2
2/15/23,21:00,La Liga,Matchweek 21,Wed,Home,W,4.0,0.0,Elche,72.0,44319.0,Karim Benzema,4-3-3,3-5-2,Ricardo de Burgos,Match Report,,22_23,4.1,0.6
2/18/23,21:00,La Liga,Matchweek 22,Sat,Away,W,2.0,0.0,Osasuna,53.0,21668.0,Nacho,4-3-3,4-2-3-1,José Luis Munuera,Match Report,,22_23,1.3,0.5
2/21/23,20:00,Champions Lg,Round of 16,Tue,Away,W,5.0,2.0,eng Liverpool,48.0,52337.0,Karim Benzema,4-3-3,4-3-3,István Kovács,Match Report,Leg 1 of 2,22_23,1.6,1.8
2/25/23,18:30,La Liga,Matchweek 23,Sat,Home,D,1.0,1.0,Atlético Madrid,62.0,64721.0,Karim Benzema,4-3-3,4-4-2,Jesús Gil,Match Report,,22_23,1.6,0.3
3/5/23,21:00,La Liga,Matchweek 24,Sun,Away,D,0.0,0.0,Betis,63.0,52212.0,Karim Benzema,4-4-2,4-2-3-1,César Soto,Match Report,,22_23,1.5,0.5
3/11/23,14:00,La Liga,Matchweek 25,Sat,Home,W,3.0,1.0,Espanyol,71.0,59872.0,Nacho,4-3-3,4-4-2,Jorge Figueroa,Match Report,,22_23,1.7,1.2
3/15/23,21:00,Champions Lg,Round of 16,Wed,Home,W,1.0,0.0,eng Liverpool,54.0,63127.0,Karim Benzema,4-3-3,4-3-3,Felix Zwayer,Match Report,Leg 2 of 2; Real Madrid won,22_23,2.2,0.6
3/19/23,21:00,La Liga,Matchweek 26,Sun,Away,L,1.0,2.0,Barcelona,46.0,95745.0,Karim Benzema,4-2-3-1,4-3-3,Ricardo de Burgos,Match Report,,22_23,0.5,1.6
4/2/23,16:15,La Liga,Matchweek 27,Sun,Home,W,6.0,0.0,Valladolid,60.0,59400.0,Karim Benzema,4-2-3-1,3-5-2,Juan Pulido,Match Report,,22_23,4.5,0.8
4/8/23,21:00,La Liga,Matchweek 28,Sat,Home,L,2.0,3.0,Villarreal,49.0,57887.0,Karim Benzema,4-3-3,4-3-3,Alberola Rojas,Match Report,,22_23,2.4,1.5
4/12/23,21:00,Champions Lg,Quarter-finals,Wed,Home,W,2.0,0.0,eng Chelsea,57.0,63142.0,Karim Benzema,4-3-3,3-5-2,François Letexier,Match Report,Leg 1 of 2,22_23,2.3,0.7
4/15/23,21:00,La Liga,Matchweek 29,Sat,Away,W,2.0,0.0,Cádiz,69.0,19833.0,Karim Benzema,4-3-3,4-4-2,Jesús Gil,Match Report,,22_23,3.5,0.7
4/18/23,20:00,Champions Lg,Quarter-finals,Tue,Away,W,2.0,0.0,eng Chelsea,46.0,39453.0,Karim Benzema,4-3-3,3-4-3,Daniele Orsato,Match Report,Leg 2 of 2; Real Madrid won,22_23,1.8,1.9
4/22/23,21:00,La Liga,Matchweek 30,Sat,Home,W,2.0,0.0,Celta Vigo,66.0,60386.0,Karim Benzema,4-3-3,4-4-2,Antonio Matéu,Match Report,,22_23,1.5,0.9
4/25/23,19:30,La Liga,Matchweek 31,Tue,Away,L,2.0,4.0,Girona,71.0,13306.0,Nacho,4-3-3,4-1-4-1,Javier Villanueva,Match Report,,22_23,1.8,2.3
4/29/23,18:30,La Liga,Matchweek 32,Sat,Home,W,4.0,2.0,Almería,68.0,58036.0,Karim Benzema,4-3-3,4-5-1,Guillermo Cuadra,Match Report,,22_23,2.8,1.3
5/2/23,22:00,La Liga,Matchweek 33,Tue,Away,L,0.0,2.0,Real Sociedad,47.0,35314.0,Nacho,4-3-3,4-1-4-1,Juan Pulido,Match Report,,22_23,0.8,1.9
5/9/23,21:00,Champions Lg,Semi-finals,Tue,Home,D,1.0,1.0,eng Manchester City,45.0,63485.0,Karim Benzema,4-3-3,3-2-4-1,Artur Dias,Match Report,Leg 1 of 2,22_23,0.7,0.5
5/13/23,21:00,La Liga,Matchweek 34,Sat,Home,W,1.0,0.0,Getafe,75.0,52201.0,Nacho,4-3-3,4-3-3,Juan Martínez,Match Report,,22_23,0.9,0.7
5/17/23,20:00,Champions Lg,Semi-finals,Wed,Away,L,0.0,4.0,eng Manchester City,41.0,52313.0,Karim Benzema,4-3-3,3-2-4-1,Szymon Marciniak,Match Report,Leg 2 of 2; Manchester City won,22_23,0.5,2.8
5/21/23,18:30,La Liga,Matchweek 35,Sun,Away,L,0.0,1.0,Valencia,73.0,46002.0,Karim Benzema,4-3-3,4-2-3-1,Ricardo de Burgos,Match Report,,22_23,1.4,1.0
5/24/23,19:30,La Liga,Matchweek 36,Wed,Home,W,2.0,1.0,Rayo Vallecano,61.0,45811.0,Karim Benzema,4-1-4-1,4-2-3-1,Jesús Gil,Match Report,,22_23,1.3,0.7
5/27/23,19:00,La Liga,Matchweek 37,Sat,Away,W,2.0,1.0,Sevilla,67.0,29856.0,Luka Modrić,4-3-3,4-2-3-1,César Soto,Match Report,,22_23,0.8,1.2
6/4/23,18:30,La Liga,Matchweek 38,Sun,Home,D,1.0,1.0,Athletic Club,64.0,60781.0,Karim Benzema,4-3-3,4-2-3-1,Isidro Díaz de Mera,Match Report,,22_23,1.8,2.3
,,,,,,,,,,,,,,,,,,22_23,,
8/12/23,21:30,La Liga,Matchweek 1,Sat,Away,W,2,0,Athletic Club,54.0,48927.0,Dani Carvajal,4-1-2-1-2,4-2-3-1,Jesús Gil,Match Report,,23_24,0.9,0.4
8/19/23,19:30,La Liga,Matchweek 2,Sat,Away,W,3,1,Almería,57.0,17561.0,Dani Carvajal,4-3-1-2,4-2-3-1,José Sánchez,Match Report,,23_24,2.0,1.3
8/25/23,21:30,La Liga,Matchweek 3,Fri,Away,W,1,0,Celta Vigo,63.0,23057.0,Dani Carvajal,4-1-2-1-2,5-3-2,Isidro Díaz de Mera,Match Report,,23_24,1.4,1.2
9/2/23,16:15,La Liga,Matchweek 4,Sat,Home,W,2,1,Getafe,76.0,66747.0,Luka Modrić,4-3-1-2,4-1-3-2,Mario Melero,Match Report,,23_24,2.8,0.4
9/17/23,21:00,La Liga,Matchweek 5,Sun,Home,W,2,1,Real Sociedad,52.0,70092.0,Dani Carvajal,4-1-2-1-2,4-3-3,César Soto,Match Report,,23_24,2.0,1.6
9/20/23,18:45,Champions Lg,Group stage,Wed,Home,W,1,0,de Union Berlin,75.0,65207.0,Nacho,4-3-1-2,5-3-2,Espen Eskås,Match Report,,23_24,3.7,0.2
9/24/23,21:00,La Liga,Matchweek 6,Sun,Away,L,1,3,Atlético Madrid,63.0,69082.0,Luka Modrić,4-1-2-1-2,5-3-2,Javier Alberola,Match Report,,23_24,1.0,1.4
9/27/23,19:00,La Liga,Matchweek 7,Wed,Home,W,2,0,Las Palmas,48.0,65017.0,Nacho,4-3-1-2,4-5-1,José Luis Munuera,Match Report,,23_24,1.7,0.7
9/30/23,18:30,La Liga,Matchweek 8,Sat,Away,W,3,0,Girona,48.0,14184.0,Nacho,4-3-1-2,4-1-4-1,Juan Pulido,Match Report,,23_24,2.3,1.6
10/3/23,21:00,Champions Lg,Group stage,Tue,Away,W,3,2,Napoli,50.0,51649.0,Nacho,4-3-1-2,4-3-3,Clément Turpin,Match Report,,23_24,1.4,1.9
10/7/23,16:15,La Liga,Matchweek 9,Sat,Home,W,4,0,Osasuna,67.0,70864.0,Luka Modrić,4-3-1-2,4-3-3,Guillermo Cuadra,Match Report,,23_24,3.2,0.5
10/21/23,18:30,La Liga,Matchweek 10,Sat,Away,D,1,1,Sevilla,51.0,41212.0,Dani Carvajal,4-1-2-1-2,4-3-3,Ricardo de Burgos,Match Report,,23_24,1.6,1.5
10/24/23,20:00,Champions Lg,Group stage,Tue,Away,W,2,1,Braga,52.0,29820.0,Nacho,4-3-1-2,4-2-3-1,Michael Oliver,Match Report,,23_24,0.9,1.5
10/28/23,16:15,La Liga,Matchweek 11,Sat,Away,W,2,1,Barcelona,47.0,50112.0,Dani Carvajal,4-1-3-2,3-4-1-2,Jesús Gil,Match Report,,23_24,1.1,1.5
11/5/23,21:00,La Liga,Matchweek 12,Sun,Home,D,0,0,Rayo Vallecano,63.0,70220.0,Luka Modrić,4-3-1-2,4-1-4-1,Juan Martínez,Match Report,,23_24,2.2,0.1
11/8/23,21:00,Champions Lg,Group stage,Wed,Home,W,3,0,Braga,48.0,68509.0,Nacho,4-3-1-2,4-3-3,Halil Umut Meler,Match Report,,23_24,3.2,1.4
11/11/23,21:00,La Liga,Matchweek 13,Sat,Home,W,5,1,Valencia,56.0,72475.0,Nacho,4-4-2,4-2-3-1,José Sánchez,Match Report,,23_24,1.7,1.7
11/26/23,18:30,La Liga,Matchweek 14,Sun,Away,W,3,0,Cádiz,61.0,20325.0,Nacho,4-2-2-2,5-4-1,Guillermo Cuadra,Match Report,,23_24,1.6,1.2
11/29/23,21:00,Champions Lg,Group stage,Wed,Home,W,4,2,Napoli,53.0,73562.0,Dani Carvajal,4-2-2-2,4-3-3,François Letexier,Match Report,,23_24,2.8,1.4
12/2/23,18:30,La Liga,Matchweek 15,Sat,Home,W,2,0,Granada,71.0,70685.0,Dani Carvajal,4-4-2,4-4-2,Pablo González,Match Report,,23_24,1.8,0.1
12/9/23,16:15,La Liga,Matchweek 16,Sat,Away,D,1,1,Betis,63.0,52756.0,Luka Modrić,4-2-3-1,4-2-3-1,César Soto,Match Report,,23_24,1.0,1.3
12/12/23,21:00,Champions Lg,Group stage,Tue,Away,W,3,2,Union Berlin,74.0,73420.0,Nacho,4-2-2-2,5-3-2,Rade Obrenović,Match Report,,23_24,2.9,1.1
12/17/23,21:00,La Liga,Matchweek 17,Sun,Home,W,4,1,Villarreal,60.0,70500.0,Luka Modrić,4-4-2,4-4-2,Jorge Figueroa,Match Report,,23_24,2.3,0.8
12/21/23,21:30,La Liga,Matchweek 18,Thu,Away,W,1,0,Alavés,60.0,19275.0,Nacho,4-3-1-2,4-2-3-1,Isidro Díaz de Mera,Match Report,,23_24,0.6,0.6
1/3/24,19:15,La Liga,Matchweek 19,Wed,Home,W,1,0,Mallorca,67.0,72394.0,Luka Modrić,4-2-2-2,5-4-1,Alejandro Muñíz,Match Report,,23_24,1.7,0.6
1/21/24,16:15,La Liga,Matchweek 21,Sun,Home,W,3,2,Almería,73.0,72044.0,Nacho,4-3-1-2,5-4-1,Francisco Hernández,Match Report,,23_24,2.2,0.9
1/27/24,15:15,La Liga,Matchweek 22,Sat,Away,W,2,1,Las Palmas,47.0,32037.0,Nacho,4-3-1-2,4-5-1,César Soto,Match Report,,23_24,2.3,0.7
2/1/24,21:00,La Liga,Matchweek 20,Thu,Away,W,2,0,Getafe,58.0,15264.0,Nacho,4-3-1-2,4-4-2,Ricardo de Burgos,Match Report,,23_24,2.0,0.8
2/4/24,21:00,La Liga,Matchweek 23,Sun,Home,D,1,1,Atlético Madrid,54.0,76732.0,Nacho,4-3-1-2,3-5-2,José Sánchez,Match Report,,23_24,1.9,1.1
2/10/24,18:30,La Liga,Matchweek 24,Sat,Home,W,4,0,Girona,53.0,76585.0,Dani Carvajal,4-3-1-2,4-2-3-1,Juan Martínez,Match Report,,23_24,3.2,0.3
2/13/24,21:00,Champions Lg,Round of 16,Tue,Away,W,1,0, RB Leipzig,50.0,45028.0,Nacho,4-3-1-2,4-2-2-2,Irfan Peljto,Match Report,Leg 1 of 2,23_24,1.4,1.4
2/18/24,14:00,La Liga,Matchweek 25,Sun,Away,D,1,1,Rayo Vallecano,59.0,14354.0,Nacho,4-2-3-1,4-4-2,Alejandro Muñíz,Match Report,,23_24,1.1,1.1
2/25/24,21:00,La Liga,Matchweek 26,Sun,Home,W,1,0,Sevilla,64.0,74969.0,Nacho,4-3-3,5-3-2,Isidro Díaz de Mera,Match Report,,23_24,1.0,0.8
3/2/24,21:00,La Liga,Matchweek 27,Sat,Away,D,2,2,Valencia,70.0,47427.0,Dani Carvajal,4-3-1-2,4-4-2,Jesús Gil,Match Report,,23_24,2.2,1.1
3/6/24,21:00,Champions Lg,Round of 16,Wed,Home,D,1,1,RB Leipzig,53.0,76126.0,Nacho,4-3-3,4-2-2-2,Davide Massa,Match Report,Leg 2 of 2; Real Madrid won,23_24,0.8,1.0
3/10/24,18:30,La Liga,Matchweek 28,Sun,Home,W,4,0,Celta Vigo,62.0,73644.0,Nacho,4-3-1-2,5-3-2,Mario Melero,Match Report,,23_24,3.4,0.8
3/16/24,16:15,La Liga,Matchweek 29,Sat,Away,W,4,2,Osasuna,64.0,22430.0,Dani Carvajal,4-3-3,3-5-2,Juan Martínez,Match Report,,23_24,2.9,0.7
3/31/24,21:00,La Liga,Matchweek 30,Sun,Home,W,2,0,Athletic Club,58.0,72991.0,Nacho,4-2-2-2,4-2-3-1,Javier Alberola,Match Report,,23_24,1.1,0.3
4/9/24,21:00,Champions Lg,Quarter-finals,Tue,Home,D,3,3, Manchester City,39.0,76680.0,Dani Carvajal,4-2-3-1,4-2-3-1,François Letexier,Match Report,Leg 1 of 2,23_24,0.7,0.8
4/13/24,18:30,La Liga,Matchweek 31,Sat,Away,W,1,0,Mallorca,56.0,23244.0,Nacho,4-2-3-1,4-5-1,José Sánchez,Match Report,,23_24,1.5,0.6
4/17/24,20:00,Champions Lg,Quarter-finals,Wed,Away,D,1 (4),1 (3),Manchester City,33.0,52306.0,Nacho,4-2-3-1,4-1-4-1,Daniele Orsato,Match Report,Leg 2 of 2; Real Madrid won; Real Madrid won on penalty kicks following extra time,23_24,1.4,2.7
4/21/24,21:00,La Liga,Matchweek 32,Sun,Home,W,3,2,Barcelona,47.0,77981.0,Luka Modrić,4-1-2-1-2,4-3-3,César Soto,Match Report,,23_24,2.3,1.4
4/26/24,21:00,La Liga,Matchweek 33,Fri,Away,W,1,0,Real Sociedad,44.0,37109.0,Nacho,4-2-3-1,4-1-4-1,José Luis Munuera,Match Report,,23_24,0.4,0.6
4/30/24,21:00,Champions Lg,Semi-finals,Tue,Away,D,2,2,de Bayern Munich,49.0,75000.0,Nacho,4-4-2,4-2-3-1,Clément Turpin,Match Report,Leg 1 of 2,23_24,1.9,1.6
5/4/24,16:15,La Liga,Matchweek 34,Sat,Home,W,3,0,Cádiz,70.0,72654.0,Nacho,4-3-3,4-5-1,Javier Villanueva,Match Report,,23_24,2.3,0.9
5/8/24,21:00,Champions Lg,Semi-finals,Wed,Home,W,2,1,Bayern Munich,57.0,76579.0,Nacho,4-4-2,4-2-3-1,Szymon Marciniak,Match Report,Leg 2 of 2; Real Madrid won,23_24,2.8,0.4
5/11/24,18:30,La Liga,Matchweek 35,Sat,Away,W,4,0,Granada,58.0,20058.0,Luka Modrić,4-3-3,4-4-2,Pablo González,Match Report,,23_24,1.5,1.0
5/14/24,21:30,La Liga,Matchweek 36,Tue,Home,W,5,0,Alavés,71.0,68954.0,Nacho,4-3-1-2,4-2-3-1,Mateo Busquets,Match Report,,23_24,2.5,1.3
5/19/24,19:00,La Liga,Matchweek 37,Sun,Away,D,4,4,Villarreal,57.0,21671.0,Luka Modrić,4-2-3-1,4-4-2,Alejandro Hernández,Match Report,,23_24,1.0,1.7
5/25/24,21:00,La Liga,Matchweek 38,Sat,Home,D,0,0,Betis,59.0,73614.0,Nacho,4-3-1-2,4-4-1-1,Isidro Díaz de Mera,Match Report,,23_24,1.0,0.7
6/1/24,20:00,Champions Lg,Final,Sat,Away,W,2,0,Dortmund,57.0,86212.0,Nacho,4-3-1-2,4-3-3,Slavko Vinčič,Match Report,,23_24,1.1,2.1
8/18/24,21:30,La Liga,Matchweek 1,Sun,Away,D,1,1,Mallorca,66.0,23010.0,Dani Carvajal,4/3/03,4/3/03,César Soto,Match Report,,24_25,0.6,1.0
8/25/24,17:00,La Liga,Matchweek 2,Sun,Home,W,3,0,Valladolid,63.0,70178.0,Dani Carvajal,4-2-3-1,4-1-4-1,Víctor García,Match Report,,24_25,2.1,0.4
8/29/24,20:30,La Liga,Matchweek 3,Thu,Away,D,1,1,Las Palmas,57.0,31192.0,Luka Modrić,4-2-3-1,4-1-4-1,Mateo Busquets,Match Report,,24_25,2.5,0.8
9/1/24,21:30,La Liga,Matchweek 4,Sun,Home,W,2,0,Betis,60.0,73072.0,Dani Carvajal,4/3/03,4-2-3-1,Javier Alberola,Match Report,,24_25,2.4,0.6
9/14/24,21:00,La Liga,Matchweek 5,Sat,Away,W,2,0,Real Sociedad,52.0,37370.0,Luka Modrić,4-2-3-1,4/5/01,Juan Martínez,Match Report,,24_25,2.3,1.1
9/17/24,21:00,Champions Lg,League phase,Tue,Home,W,3,1,Stuttgart,46.0,71288.0,Dani Carvajal,4/3/03,4-2-3-1,Halil Umut Meler,Match Report,,24_25,2.6,1.9
9/21/24,21:00,La Liga,Matchweek 6,Sat,Home,W,4,1,Espanyol,73.0,17284.0,Luka Modrić,4/3/03,5/3/02,José Luis Munuera,Match Report,,24_25,4.4,0.3
9/24/24,21:00,La Liga,Matchweek 7,Tue,Home,W,3,2,Alavés,68.0,67480.0,Lucas Vázquez,4/3/03,4/4/02,Alejandro Muñíz,Match Report,,24_25,1.3,0.9
9/29/24,21:00,La Liga,Matchweek 8,Sun,Away,D,1,1,Atlético Madrid,49.0,70112.0,Luka Modrić,4/4/02,4/4/02,Mateo Busquets,Match Report,,24_25,0.8,1.3
10/2/24,21:00,Champions Lg,League phase,Wed,Away,L,0,1,Lille,58.0,48205.0,Dani Carvajal,4/4/02,4-2-3-1,Maurizio Mariani,Match Report,,24_25,2.0,1.1
10/5/24,21:00,La Liga,Matchweek 9,Sat,Home,W,2,0,Villarreal,55.0,73842.0,Luka Modrić,4/4/02,4/3/03,Guillermo Cuadra,Match Report,,24_25,0.5,1.1
10/19/24,21:00,La Liga,Matchweek 10,Sat,Away,W,2,1,Celta Vigo,53.0,24445.0,Lucas Vázquez,3/4/03,3/4/03,Alejandro Hernández,Match Report,,24_25,0.7,1.8
10/22/24,21:00,Champions Lg,League phase,Tue,Home,W,5,2,de Dortmund,52.0,74642.0,Luka Modrić,4/3/03,4-2-3-1,István Kovács,Match Report,,24_25,3.5,1.6
10/26/24,21:00,La Liga,Matchweek 11,Sat,Home,L,0,4,Barcelona,43.0,78192.0,Lucas Vázquez,4/4/02,4-2-3-1,Jose Maria Sánchez,Match Report,,24_25,1.5,2.6
11/5/24,21:00,Champions Lg,League phase,Tue,Home,L,1,3,Milan,57.0,75561.0,Luka Modrić,4/4/02,4-2-3-1,Slavko Vinčič,Match Report,,24_25,2.6,2.5
11/9/24,14:00,La Liga,Matchweek 13,Sat,Home,W,4,0,Osasuna,68.0,72462.0,Lucas Vázquez,4/3/03,4/3/03,Mario Melero,Match Report,,24_25,3.1,0.1
11/24/24,18:30,La Liga,Matchweek 14,Sun,Away,W,3,0,Leganés,67.0,12338.0,Federico Valverde,4/4/02,3/4/03,Javier Alberola,Match Report,,24_25,1.8,0.1
11/27/24,20:00,Champions Lg,League phase,Wed,Away,L,0,2,Liverpool,37.0,59546.0,Luka Modrić,4-2-2-2,4/3/03,François Letexier,Match Report,,24_25,1.2,2.7
12/1/24,16:15,La Liga,Matchweek 15,Sun,Home,W,2,0,Getafe,69.0,74341.0,Lucas Vázquez,4/3/03,4/4/02,Alejandro Hernández,Match Report,,24_25,3.2,0.5
12/4/24,21:00,La Liga,Matchweek 19,Wed,Away,L,1,2,Athletic Club,63.0,51364.0,Lucas Vázquez,4/4/02,4-2-3-1,Jose Maria Sánchez,Match Report,,24_25,1.7,1.8
12/7/24,21:00,La Liga,Matchweek 16,Sat,Away,W,3,0,Girona,58.0,13827.0,Luka Modrić,4-2-3-1,4-2-3-1,Jesús Gil,Match Report,,24_25,0.9,0.4
12/10/24,21:00,Champions Lg,League phase,Tue,Away,W,3,2,Atalanta,44.0,22967.0,Lucas Vázquez,4-2-3-1,3-4-1-2,Szymon Marciniak,Match Report,,24_25,2.1,3.3
12/14/24,21:00,La Liga,Matchweek 17,Sat,Away,D,3,3,Rayo Vallecano,66.0,14168.0,Luka Modrić,4-2-3-1,4/4/02,Juan Martínez,Match Report,,24_25,0.7,1.6
12/22/24,16:15,La Liga,Matchweek 18,Sun,Home,W,4,2,Sevilla,59.0,75227.0,Lucas Vázquez,4-2-3-1,4/4/02,Isidro Díaz de Mera,Match Report,,24_25,2.0,1.3
1/3/25,21:00,La Liga,Matchweek 12,Fri,Away,W,2,1,Valencia,62.0,46420.0,Lucas Vázquez,4-2-3-1,4/4/02,César Soto,Match Report,,24_25,2.7,1.3
1/19/25,16:15,La Liga,Matchweek 20,Sun,Home,W,4,1,Las Palmas,61.0,74808.0,Lucas Vázquez,4-2-3-1,4/5/01,Alejandro Quintero,Match Report,,24_25,5.9,1.1
1/22/25,21:00,Champions Lg,League phase,Wed,Home,W,5,1,RB Salzburg,70.0,73692.0,Luka Modrić,4/3/03,4/4/02,Glenn Nyberg,Match Report,,24_25,2.8,0.4
1/25/25,21:00,La Liga,Matchweek 21,Sat,Away,W,3,0,Valladolid,68.0,26025.0,Federico Valverde,4-2-3-1,4/3/03,Mateo Busquets,Match Report,,24_25,2.0,0.2
1/29/25,21:00,Champions Lg,League phase,Wed,Away,W,3,0,Brest,59.0,15405.0,Luka Modrić,4-2-3-1,4-3-1-2,Espen Eskås,Match Report,,24_25,2.6,1.4
2/1/25,21:00,La Liga,Matchweek 22,Sat,Away,L,0,1,Espanyol,76.0,33669.0,Lucas Vázquez,4-2-3-1,4-2-3-1,Alejandro Muñíz,Match Report,,24_25,1.3,0.3
2/8/25,21:00,La Liga,Matchweek 23,Sat,Home,D,1,1,Atlético Madrid,60.0,78082.0,Lucas Vázquez,4-2-3-1,4/4/02,César Soto,Match Report,,24_25,1.6,1.5
2/11/25,20:00,Champions Lg,Knockout phase play-offs,Tue,Away,W,3,2,Manchester City,46.0,52081.0,Federico Valverde,4/4/02,4-1-4-1,Clément Turpin,Match Report,Leg 1 of 2,24_25,3.2,1.5
2/15/25,16:15,La Liga,Matchweek 24,Sat,Away,D,1,1,Osasuna,55.0,22390.0,Luka Modrić,4/4/02,4-1-4-1,José Luis Munuera,Match Report,,24_25,1.4,1.4
2/19/25,21:00,Champions Lg,Knockout phase play-offs,Wed,Home,W,3,1,Manchester City,48.0,77023.0,Federico Valverde,4/4/02,4-1-2-1-2,István Kovács,Match Report,Leg 2 of 2; Real Madrid won,24_25,1.8,1.3
2/23/25,16:15,La Liga,Matchweek 25,Sun,Home,W,2,0,Girona,63.0,74028.0,Luka Modrić,4-2-2-2,3-4-1-2,Guillermo Cuadra,Match Report,,24_25,2.2,0.4
3/1/25,18:30,La Liga,Matchweek 26,Sat,Away,L,1,2,Betis,58.0,55873.0,Luka Modrić,4/3/03,4-2-3-1,Alejandro Hernández,Match Report,,24_25,0.9,2.4
3/4/25,21:00,Champions Lg,Round of 16,Tue,Home,W,2,1,Atlético Madrid,52.0,77261.0,Federico Valverde,4/4/02,4/4/02,Clément Turpin,Match Report,Leg 1 of 2,24_25,0.7,0.2
3/9/25,16:15,La Liga,Matchweek 27,Sun,Home,W,2,1,Rayo Vallecano,46.0,74170.0,Luka Modrić,4/4/02,4-2-3-1,Francisco Hernández,Match Report,,24_25,1.5,1.0
3/12/25,21:00,Champions Lg,Round of 16,Wed,Away,L,0 (4),1 (2),Atlético Madrid,62.0,69304.0,Luka Modrić,4/4/02,4/4/02,Szymon Marciniak,Match Report,Leg 2 of 2; Real Madrid won; Real Madrid won on penalty kicks following extra time,24_25,1.1,1.4
3/15/25,18:30,La Liga,Matchweek 28,Sat,Away,W,2,1,Villarreal,54.0,20559.0,Lucas Vázquez,4-2-3-1,4/4/02,Jesús Gil,Match Report,,24_25,1.1,1.6
3/29/25,21:00,La Liga,Matchweek 29,Sat,Home,W,3,2,Leganés,70.0,73641.0,Luka Modrić,4-2-3-1,4-2-3-1,Pablo González,Match Report,,24_25,2.9,2.4
4/5/25,16:15,La Liga,Matchweek 30,Sat,Home,L,1,2,Valencia,65.0,75382.0,Luka Modrić,4/4/02,5/4/01,Guillermo Cuadra,Match Report,,24_25,3.4,0.8
4/8/25,20:00,Champions Lg,Quarter-finals,Tue,Away,L,0,3,Arsenal,47.0,60110.0,Luka Modrić,4/4/02,4/3/03,Irfan Peljto,Match Report,Leg 1 of 2,24_25,0.5,1.5
4/13/25,16:15,La Liga,Matchweek 31,Sun,Away,W,1,0,Alavés,44.0,19438.0,Lucas Vázquez,4-1-4-1,4-2-3-1,César Soto,Match Report,,24_25,0.9,0.6
4/16/25,21:00,Champions Lg,Quarter-finals,Wed,Home,L,1,2, Arsenal,66.0,77073.0,Lucas Vázquez,4-2-3-1,4/3/03,François Letexier,Match Report,Leg 2 of 2; Arsenal won,24_25,1.4,2.0
4/20/25,21:00,La Liga,Matchweek 32,Sun,Home,W,1,0,Athletic Club,73.0,72535.0,Luka Modrić,4-3-1-2,4-2-3-1,Juan Martínez,Match Report,,24_25,1.5,0.2
4/23/25,21:30,La Liga,Matchweek 33,Wed,Away,W,1,0,Getafe,63.0,15184.0,Lucas Vázquez,4/4/02,5/4/01,Jose Maria Sánchez,Match Report,,24_25,1.5,2.3
5/4/25,14:00,La Liga,Matchweek 34,Sun,Home,W,3,2,Celta Vigo,54.0,67661.0,Lucas Vázquez,4-2-3-1,3/4/03,Jesús Gil,Match Report,,24_25,2.2,1.8
5/11/25,16:15,La Liga,Matchweek 35,Sun,Away,L,3,4,Barcelona,38.0,50319.0,Lucas Vázquez,4-2-3-1,4-2-3-1,Alejandro Hernández,Match Report,,24_25,2.7,4.2
5/14/25,21:30,La Liga,Matchweek 36,Wed,Home,W,2,1,Mallorca,71.0,60753.0,Luka Modrić,4/4/02,5/3/02,Javier Alberola,Match Report,,24_25,2.6,0.5
5/18/25,19:00,La Liga,Matchweek 37,Sun,Away,W,2,0,Sevilla,63.0,32500.0,Luka Modrić,4/4/02,4/4/02,Mateo Busquets,Match Report,,24_25,2.0,0.5
5/24/25,16:15,La Liga,Matchweek 38,Sat,Home,W,2,0,Real Sociedad,62.0,73186.0,Luka Modrić,4/3/03,4/4/02,Mario Melero,Match Report,,24_25,2.6,0.8
,,,,,,,,,,,,,,,,,,24_25,,
,,,,,,,,,,,,,,,,,,24_25,,
,,,,,,,,,,,,,,,,,,24_25,,
,,,,,,,,,,,,,,,,,Required Extra Time,24_25,,
,,,,,,,,,,,,,,,,,,24_25,,
,,,,,,,,,,,,,,,,,,24_25,,
,,,,,,,,,,,,,,,,,,24_25,,
,,,,,,,,,,,,,,,,,,24_25,,
,,,,,,,,,,,,,,,,,,24_25,,
