Player,Position_Group,Season,Rebalanced_Score,Min, Gls, Ast,Performance_Score
Achraf Hakimi,Defense,17_18,10.04,937.0,2.0,0.0,0.91
Alphonse Areola,Goalkeeper,19_20,20.65,495.0,0.0,0.0,0.0
Andriy Lunin,Goalkeeper,21_22,23.54,180.0,0.0,0.0,0.0
Andriy Lunin,Goalkeeper,22_23,23.96,810.0,0.0,0.0,0.0
Andriy Lunin,Goalkeeper,23_24,22.0,2640.0,0.0,0.0,0.0
Andriy Lunin,Goalkeeper,24_25,24.46,810.0,0.0,1.0,0.0
Antonio Blanco,Forward,20_21,0.03,26.0,0.0,0.0,0.0
Antonio Blanco,Midfield,20_21,,194.0,0.0,0.0,0.0
Antonio Blanco,Midfield,21_22,,38.0,0.0,0.0,0.0
Antonio Rüdiger,Defense,22_23,8.13,3093.0,2.0,0.0,0.23
Antonio Rüdiger,Defense,23_24,7.58,3749.0,1.0,2.0,0.11
Antonio Rüdiger,Defense,24_25,7.94,3471.0,2.0,0.0,0.24
Antonio Rüdiger,Midfield,24_25,0.01,7.0,0.0,0.0,0.0
Arda Güler,Forward,23_24,8.27,344.0,5.0,0.0,3.12
Arda Güler,Forward,24_25,3.53,870.0,3.0,3.0,0.79
Arda Güler,Midfield,23_24,8.92,33.0,1.0,0.0,2.5
Arda Güler,Midfield,24_25,8.74,527.0,0.0,1.0,0.0
Aurélien Tchouaméni,Defense,23_24,10.27,576.0,0.0,0.0,0.0
Aurélien Tchouaméni,Defense,24_25,10.09,1216.0,0.0,0.0,0.0
Aurélien Tchouaméni,Midfield,22_23,,2551.0,0.0,4.0,0.0
Aurélien Tchouaméni,Midfield,23_24,5.9,2014.0,3.0,1.0,0.54
Aurélien Tchouaméni,Midfield,24_25,6.12,2270.0,0.0,0.0,0.0
Borja Mayoral,Forward,15_16,0.47,282.0,0.0,0.0,0.0
Borja Mayoral,Forward,17_18,5.14,448.0,3.0,2.0,1.0
Borja Mayoral,Forward,20_21,0.01,23.0,0.0,0.0,0.0
Borja Mayoral,Midfield,17_18,1.52,41.0,1.0,0.0,1.67
Brahim Díaz,Defense,23_24,3.05,45.0,0.0,0.0,0.0
Brahim Díaz,Forward,18_19,4.74,375.0,1.0,1.0,0.62
Brahim Díaz,Forward,19_20,2.37,83.0,0.0,0.0,0.0
Brahim Díaz,Forward,23_24,6.26,1200.0,7.0,7.0,1.46
Brahim Díaz,Forward,24_25,4.57,1331.0,3.0,3.0,0.56
Brahim Díaz,Midfield,18_19,,1.0,0.0,0.0,0.0
Brahim Díaz,Midfield,23_24,7.25,623.0,3.0,0.0,1.0
Brahim Díaz,Midfield,24_25,7.74,536.0,3.0,0.0,1.0
Casemiro,Defense,17_18,15.35,180.0,0.0,0.0,0.0
Casemiro,Defense,21_22,11.01,60.0,0.0,0.0,0.0
Casemiro,Midfield,15_16,,2454.0,1.0,3.0,0.15
Casemiro,Midfield,16_17,,2533.0,6.0,2.0,0.88
Casemiro,Midfield,17_18,6.62,3358.0,6.0,3.0,0.75
Casemiro,Midfield,18_19,,2815.0,4.0,0.0,0.57
Casemiro,Midfield,19_20,,3777.0,5.0,4.0,0.58
Casemiro,Midfield,20_21,,3729.0,7.0,5.0,0.8
Casemiro,Midfield,21_22,,3419.0,1.0,3.0,0.12
Casemiro,Midfield,22_23,,8.0,0.0,0.0,0.0
Chema,Midfield,24_25,2.51,12.0,0.0,0.0,0.0
Cristiano Ronaldo,Forward,15_16,13.97,3302.0,41.0,8.0,5.54
Cristiano Ronaldo,Forward,16_17,11.91,3649.0,35.0,11.0,4.27
Cristiano Ronaldo,Forward,17_18,13.87,3455.0,41.0,8.0,5.12
Cristiano Ronaldo,Midfield,15_16,,990.0,10.0,4.0,4.55
Cristiano Ronaldo,Midfield,16_17,,90.0,2.0,0.0,10.0
Cristo González,Forward,18_19,1.05,45.0,0.0,0.0,0.0
Dani Carvajal,Defense,15_16,,2314.0,1.0,5.0,0.17
Dani Carvajal,Defense,16_17,,2991.0,0.0,9.0,0.0
Dani Carvajal,Defense,17_18,11.49,2864.0,0.0,5.0,0.0
Dani Carvajal,Defense,18_19,8.92,2526.0,1.0,3.0,0.17
Dani Carvajal,Defense,19_20,10.42,3360.0,1.0,6.0,0.13
Dani Carvajal,Defense,20_21,11.64,1116.0,0.0,2.0,0.0
Dani Carvajal,Defense,21_22,10.23,2506.0,1.0,4.0,0.14
Dani Carvajal,Defense,22_23,8.18,2653.0,0.0,4.0,0.0
Dani Carvajal,Defense,23_24,9.41,3009.0,5.0,4.0,0.69
Dani Carvajal,Defense,24_25,10.94,789.0,1.0,1.0,0.5
Dani Carvajal,Midfield,23_24,2.0,8.0,0.0,0.0,0.0
Dani Ceballos,Forward,17_18,0.01,35.0,0.0,0.0,0.0
Dani Ceballos,Forward,18_19,3.62,275.0,1.0,0.0,0.83
Dani Ceballos,Forward,21_22,0.01,22.0,0.0,0.0,0.0
Dani Ceballos,Forward,22_23,2.95,138.0,0.0,0.0,0.0
Dani Ceballos,Forward,23_24,1.16,103.0,0.0,1.0,0.0
Dani Ceballos,Forward,24_25,0.01,6.0,0.0,0.0,0.0
Dani Ceballos,Midfield,17_18,9.39,452.0,2.0,0.0,0.83
Dani Ceballos,Midfield,18_19,,1159.0,2.0,0.0,0.5
Dani Ceballos,Midfield,21_22,,295.0,0.0,0.0,0.0
Dani Ceballos,Midfield,22_23,,1512.0,0.0,4.0,0.0
Dani Ceballos,Midfield,23_24,8.04,647.0,1.0,1.0,0.31
Dani Ceballos,Midfield,24_25,10.08,1614.0,0.0,1.0,0.0
Daniel Yáñez,Forward,24_25,0.0,2.0,0.0,0.0,0.0
Danilo,Defense,15_16,,2466.0,2.0,6.0,0.36
Danilo,Defense,16_17,,1755.0,1.0,3.0,0.25
Danilo,Midfield,15_16,,153.0,0.0,0.0,0.0
David Alaba,Defense,21_22,7.96,3681.0,3.0,3.0,0.36
David Alaba,Defense,22_23,7.43,2549.0,1.0,3.0,0.15
David Alaba,Defense,23_24,8.25,1404.0,0.0,2.0,0.0
David Alaba,Defense,24_25,7.06,492.0,0.0,0.0,0.0
Denis Cheryshev,Forward,15_16,4.69,72.0,0.0,1.0,0.0
Eden Hazard,Forward,19_20,4.4,1394.0,1.0,4.0,0.25
Eden Hazard,Forward,20_21,4.86,735.0,4.0,2.0,1.11
Eden Hazard,Forward,21_22,2.13,783.0,0.0,1.0,0.0
Eden Hazard,Forward,22_23,3.54,328.0,1.0,2.0,0.56
Eden Hazard,Midfield,19_20,,137.0,0.0,0.0,0.0
Eden Hazard,Midfield,20_21,,71.0,0.0,0.0,0.0
Eden Hazard,Midfield,21_22,,19.0,0.0,0.0,0.0
Eduardo Camavinga,Defense,22_23,11.37,555.0,0.0,0.0,0.0
Eduardo Camavinga,Defense,23_24,16.04,262.0,0.0,1.0,0.0
Eduardo Camavinga,Defense,24_25,12.07,203.0,0.0,1.0,0.0
Eduardo Camavinga,Forward,21_22,1.52,53.0,0.0,0.0,0.0
Eduardo Camavinga,Forward,22_23,3.56,76.0,0.0,1.0,0.0
Eduardo Camavinga,Forward,23_24,9.02,15.0,0.0,0.0,0.0
Eduardo Camavinga,Midfield,21_22,,1488.0,2.0,2.0,0.3
Eduardo Camavinga,Midfield,22_23,,2100.0,0.0,1.0,0.0
Eduardo Camavinga,Midfield,23_24,7.15,2329.0,0.0,2.0,0.0
Eduardo Camavinga,Midfield,24_25,7.02,1395.0,1.0,1.0,0.2
Endrick,Forward,24_25,4.04,499.0,2.0,0.0,0.34
Endrick,Midfield,24_25,3.35,5.0,0.0,0.0,0.0
Federico Valverde,Defense,21_22,5.05,102.0,0.0,0.0,0.0
Federico Valverde,Defense,24_25,10.71,549.0,1.0,3.0,0.71
Federico Valverde,Forward,19_20,1.19,188.0,0.0,0.0,0.0
Federico Valverde,Forward,20_21,2.0,142.0,0.0,0.0,0.0
Federico Valverde,Forward,21_22,1.47,726.0,0.0,1.0,0.0
Federico Valverde,Forward,22_23,5.64,2126.0,7.0,4.0,1.35
Federico Valverde,Forward,23_24,3.79,593.0,1.0,3.0,0.71
Federico Valverde,Forward,24_25,5.27,270.0,1.0,0.0,1.67
Federico Valverde,Midfield,18_19,,798.0,0.0,0.0,0.0
Federico Valverde,Midfield,19_20,,2067.0,2.0,5.0,0.28
Federico Valverde,Midfield,20_21,,1678.0,3.0,1.0,0.54
Federico Valverde,Midfield,21_22,,1810.0,0.0,1.0,0.0
Federico Valverde,Midfield,22_23,,1343.0,2.0,3.0,0.53
Federico Valverde,Midfield,23_24,8.8,3378.0,2.0,4.0,0.23
Federico Valverde,Midfield,24_25,8.0,3448.0,4.0,4.0,0.5
Ferland Mendy,Defense,19_20,7.82,2211.0,1.0,3.0,0.17
Ferland Mendy,Defense,20_21,7.15,3080.0,2.0,0.0,0.28
Ferland Mendy,Defense,21_22,7.37,2598.0,2.0,4.0,0.31
Ferland Mendy,Defense,22_23,7.2,1698.0,0.0,1.0,0.0
Ferland Mendy,Defense,23_24,7.64,2592.0,0.0,0.0,0.0
Ferland Mendy,Defense,24_25,7.59,1890.0,0.0,2.0,0.0
Ferland Mendy,Forward,19_20,0.01,7.0,0.0,0.0,0.0
Ferland Mendy,Forward,20_21,0.6,90.0,0.0,0.0,0.0
Fran,Goalkeeper,24_25,26.7,90.0,0.0,0.0,0.0
Fran Garcia,Defense,23_24,7.18,1494.0,1.0,6.0,0.19
Fran Garcia,Defense,24_25,9.98,2437.0,0.0,2.0,0.0
Fran Garcia,Forward,23_24,0.1,90.0,0.0,0.0,0.0
Fran Garcia,Forward,24_25,0.0,1.0,0.0,0.0,0.0
Fran Garcia,Midfield,23_24,4.0,3.0,0.0,0.0,0.0
Fran Garcia,Midfield,24_25,1.0,1.0,0.0,0.0,0.0
Fábio Coentrão,Defense,16_17,,265.0,0.0,1.0,0.0
Gareth Bale,Forward,15_16,10.18,1822.0,13.0,9.0,2.71
Gareth Bale,Forward,16_17,7.58,1842.0,9.0,4.0,1.73
Gareth Bale,Forward,17_18,8.33,1778.0,13.0,4.0,2.32
Gareth Bale,Forward,18_19,7.59,2197.0,10.0,5.0,1.43
Gareth Bale,Forward,19_20,4.1,1115.0,2.0,2.0,0.56
Gareth Bale,Forward,21_22,5.13,289.0,1.0,0.0,0.71
Gareth Bale,Midfield,15_16,,555.0,6.0,3.0,4.29
Gareth Bale,Midfield,16_17,,85.0,0.0,0.0,0.0
Gareth Bale,Midfield,17_18,10.35,318.0,6.0,0.0,6.0
Gareth Bale,Midfield,18_19,,75.0,1.0,0.0,5.0
Gareth Bale,Midfield,19_20,,90.0,0.0,0.0,0.0
Gonzalo García,Defense,24_25,7.36,25.0,0.0,1.0,0.0
Gonzalo García,Forward,23_24,4.74,19.0,0.0,0.0,0.0
Gonzalo García,Forward,24_25,1.34,31.0,0.0,0.0,0.0
Hugo Duro,Forward,20_21,1.53,70.0,0.0,0.0,0.0
Isco,Forward,15_16,3.37,889.0,2.0,1.0,0.48
Isco,Forward,16_17,3.28,783.0,3.0,2.0,0.75
Isco,Forward,17_18,10.1,271.0,3.0,2.0,2.14
Isco,Forward,18_19,3.56,405.0,1.0,0.0,0.71
Isco,Forward,19_20,4.55,760.0,2.0,0.0,0.77
Isco,Forward,20_21,0.46,150.0,0.0,0.0,0.0
Isco,Forward,21_22,0.74,87.0,0.0,0.0,0.0
Isco,Midfield,15_16,,1645.0,1.0,6.0,0.24
Isco,Midfield,16_17,,1237.0,8.0,7.0,2.5
Isco,Midfield,17_18,11.76,2231.0,4.0,7.0,0.59
Isco,Midfield,18_19,,1038.0,3.0,2.0,0.62
Isco,Midfield,19_20,,691.0,0.0,2.0,0.0
Isco,Midfield,20_21,,856.0,0.0,2.0,0.0
Isco,Midfield,21_22,,244.0,1.0,0.0,0.45
Jacobo Ramón,Defense,24_25,12.05,217.0,1.0,0.0,1.25
James Rodríguez,Forward,15_16,4.68,833.0,4.0,1.0,1.05
James Rodríguez,Forward,16_17,5.96,640.0,1.0,5.0,0.29
James Rodríguez,Forward,19_20,10.3,85.0,1.0,0.0,2.5
James Rodríguez,Midfield,15_16,,946.0,4.0,7.0,1.67
James Rodríguez,Midfield,16_17,,859.0,7.0,3.0,3.18
James Rodríguez,Midfield,19_20,,415.0,0.0,1.0,0.0
Javi Sánchez,Defense,18_19,9.27,168.0,0.0,0.0,0.0
Jesé,Forward,15_16,5.61,1179.0,6.0,6.0,0.81
Jesús Vallejo,Defense,17_18,10.48,720.0,0.0,0.0,0.0
Jesús Vallejo,Defense,18_19,12.31,401.0,1.0,0.0,0.83
Jesús Vallejo,Defense,21_22,10.21,350.0,0.0,0.0,0.0
Jesús Vallejo,Defense,22_23,11.24,40.0,0.0,0.0,0.0
Jesús Vallejo,Defense,24_25,5.36,138.0,0.0,1.0,0.0
Joselu,Forward,23_24,5.97,1969.0,15.0,2.0,1.67
Juanmi Latasa,Forward,21_22,4.51,9.0,0.0,0.0,0.0
Jude Bellingham,Forward,23_24,9.13,1098.0,7.0,3.0,2.69
Jude Bellingham,Forward,24_25,6.74,558.0,3.0,1.0,2.14
Jude Bellingham,Midfield,23_24,10.96,2206.0,16.0,8.0,3.08
Jude Bellingham,Midfield,24_25,10.34,3061.0,9.0,10.0,1.22
Karim Benzema,Forward,15_16,11.18,2583.0,28.0,7.0,3.89
Karim Benzema,Forward,16_17,7.94,2793.0,16.0,5.0,1.95
Karim Benzema,Forward,17_18,6.2,2743.0,10.0,10.0,1.22
Karim Benzema,Forward,18_19,8.3,3535.0,25.0,8.0,2.84
Karim Benzema,Forward,19_20,9.45,3785.0,26.0,10.0,2.89
Karim Benzema,Forward,20_21,10.01,3734.0,29.0,9.0,3.3
Karim Benzema,Forward,21_22,11.77,3695.0,42.0,13.0,4.77
Karim Benzema,Forward,22_23,9.09,2782.0,23.0,4.0,3.38
Karim Benzema,Midfield,16_17,,66.0,0.0,1.0,0.0
Kepa Arrizabalaga,Goalkeeper,23_24,22.65,1558.0,0.0,0.0,0.0
Keylor Navas,Goalkeeper,15_16,20.4,4080.0,0.0,0.0,0.0
Keylor Navas,Goalkeeper,16_17,20.4,3540.0,0.0,0.0,0.0
Keylor Navas,Goalkeeper,17_18,21.3,3420.0,0.0,0.0,0.0
Keylor Navas,Goalkeeper,18_19,21.92,1170.0,0.0,0.0,0.0
Kiko Casilla,Goalkeeper,15_16,20.4,540.0,0.0,0.0,0.0
Kiko Casilla,Goalkeeper,16_17,20.4,1080.0,0.0,0.0,0.0
Kiko Casilla,Goalkeeper,17_18,21.12,1080.0,0.0,0.0,0.0
Kylian Mbappé,Forward,24_25,10.62,4034.0,38.0,4.0,3.96
Lorenzo Aguado,Defense,24_25,4.0,5.0,0.0,0.0,0.0
Luca Zidane,Goalkeeper,17_18,25.88,90.0,0.0,0.0,0.0
Luca Zidane,Goalkeeper,18_19,23.56,90.0,0.0,0.0,0.0
Lucas Vázquez,Defense,15_16,,90.0,0.0,0.0,0.0
Lucas Vázquez,Defense,17_18,4.02,67.0,0.0,0.0,0.0
Lucas Vázquez,Defense,18_19,11.1,135.0,0.0,1.0,0.0
Lucas Vázquez,Defense,19_20,4.98,195.0,0.0,0.0,0.0
Lucas Vázquez,Defense,20_21,9.72,1644.0,0.0,6.0,0.0
Lucas Vázquez,Defense,21_22,9.44,1889.0,2.0,0.0,0.33
Lucas Vázquez,Defense,22_23,7.24,1165.0,3.0,2.0,0.6
Lucas Vázquez,Defense,23_24,7.72,1683.0,3.0,7.0,0.65
Lucas Vázquez,Defense,24_25,7.92,2654.0,2.0,5.0,0.26
Lucas Vázquez,Forward,15_16,5.38,1298.0,4.0,8.0,0.69
Lucas Vázquez,Forward,16_17,3.78,1512.0,3.0,7.0,0.38
Lucas Vázquez,Forward,17_18,4.65,899.0,4.0,2.0,1.0
Lucas Vázquez,Forward,18_19,2.67,1612.0,2.0,3.0,0.31
Lucas Vázquez,Forward,19_20,2.59,430.0,1.0,1.0,0.45
Lucas Vázquez,Forward,20_21,3.41,924.0,2.0,1.0,0.83
Lucas Vázquez,Forward,21_22,1.69,297.0,1.0,0.0,0.71
Lucas Vázquez,Forward,22_23,4.9,181.0,1.0,0.0,1.67
Lucas Vázquez,Forward,23_24,0.3,55.0,0.0,0.0,0.0
Lucas Vázquez,Forward,24_25,5.05,95.0,0.0,1.0,0.0
Lucas Vázquez,Midfield,15_16,,180.0,0.0,0.0,0.0
Lucas Vázquez,Midfield,16_17,,256.0,0.0,1.0,0.0
Lucas Vázquez,Midfield,17_18,10.44,1262.0,1.0,7.0,0.25
Lucas Vázquez,Midfield,18_19,,148.0,0.0,0.0,0.0
Lucas Vázquez,Midfield,19_20,,325.0,1.0,0.0,0.71
Lucas Vázquez,Midfield,23_24,7.35,57.0,0.0,0.0,0.0
Lucas Vázquez,Midfield,24_25,4.51,15.0,0.0,0.0,0.0
Luka Jović,Forward,19_20,3.09,528.0,2.0,1.0,0.48
Luka Jović,Forward,20_21,3.36,207.0,0.0,0.0,0.0
Luka Jović,Forward,21_22,4.44,474.0,1.0,3.0,0.29
Luka Jović,Midfield,19_20,,23.0,0.0,0.0,0.0
Luka Jović,Midfield,21_22,,9.0,0.0,0.0,0.0
Luka Modrić,Forward,21_22,0.6,90.0,0.0,0.0,0.0
Luka Modrić,Forward,22_23,0.68,75.0,0.0,0.0,0.0
Luka Modrić,Forward,23_24,5.06,21.0,0.0,0.0,0.0
Luka Modrić,Forward,24_25,0.09,78.0,0.0,0.0,0.0
Luka Modrić,Midfield,15_16,,3522.0,3.0,5.0,0.34
Luka Modrić,Midfield,16_17,,2870.0,1.0,3.0,0.14
Luka Modrić,Midfield,17_18,11.15,2924.0,2.0,7.0,0.27
Luka Modrić,Midfield,18_19,,3074.0,3.0,7.0,0.38
Luka Modrić,Midfield,19_20,,2387.0,4.0,7.0,0.54
Luka Modrić,Midfield,20_21,,3645.0,6.0,6.0,0.64
Luka Modrić,Midfield,21_22,,3015.0,2.0,12.0,0.25
Luka Modrić,Midfield,22_23,,2412.0,6.0,4.0,0.71
Luka Modrić,Midfield,23_24,10.94,2087.0,2.0,6.0,0.24
Luka Modrić,Midfield,24_25,11.53,2396.0,2.0,9.0,0.21
Marcelo,Defense,15_16,,3330.0,2.0,4.0,0.26
Marcelo,Defense,16_17,,3116.0,2.0,11.0,0.28
Marcelo,Defense,17_18,8.43,3109.0,4.0,10.0,0.54
Marcelo,Defense,18_19,7.31,2106.0,3.0,3.0,0.58
Marcelo,Defense,19_20,8.65,1382.0,1.0,4.0,0.29
Marcelo,Defense,20_21,6.45,1016.0,0.0,2.0,0.0
Marcelo,Defense,21_22,5.54,612.0,0.0,2.0,0.0
Marcelo,Forward,17_18,1.63,88.0,0.0,0.0,0.0
Marcelo,Forward,19_20,4.85,180.0,0.0,1.0,0.0
Marcelo,Forward,21_22,0.01,9.0,0.0,0.0,0.0
Marcelo,Midfield,15_16,,52.0,0.0,0.0,0.0
Marcelo,Midfield,16_17,,164.0,0.0,1.0,0.0
Marcelo,Midfield,17_18,13.55,20.0,1.0,0.0,5.0
Marcelo,Midfield,18_19,,90.0,0.0,0.0,0.0
Marcelo,Midfield,20_21,,200.0,0.0,1.0,0.0
Marco Asensio,Defense,17_18,0.03,25.0,0.0,0.0,0.0
Marco Asensio,Defense,20_21,2.02,42.0,0.0,0.0,0.0
Marco Asensio,Forward,16_17,4.4,983.0,4.0,2.0,0.77
Marco Asensio,Forward,17_18,4.12,1260.0,3.0,5.0,0.58
Marco Asensio,Forward,18_19,4.12,2070.0,3.0,4.0,0.42
Marco Asensio,Forward,19_20,6.56,339.0,3.0,1.0,1.67
Marco Asensio,Forward,20_21,3.56,2236.0,5.0,2.0,0.64
Marco Asensio,Forward,21_22,6.0,1697.0,8.0,1.0,1.21
Marco Asensio,Forward,22_23,7.72,1643.0,11.0,6.0,1.57
Marco Asensio,Midfield,16_17,,354.0,2.0,1.0,2.0
Marco Asensio,Midfield,17_18,10.04,1038.0,4.0,2.0,1.18
Marco Asensio,Midfield,18_19,,15.0,0.0,0.0,0.0
Marco Asensio,Midfield,19_20,,27.0,0.0,0.0,0.0
Marco Asensio,Midfield,20_21,,210.0,2.0,0.0,2.0
Marco Asensio,Midfield,21_22,,243.0,3.0,1.0,2.5
Marco Asensio,Midfield,22_23,,123.0,1.0,1.0,0.62
Marcos Llorente,Forward,15_16,0.01,25.0,0.0,0.0,0.0
Marcos Llorente,Midfield,17_18,8.2,568.0,0.0,0.0,0.0
Marcos Llorente,Midfield,18_19,,687.0,0.0,0.0,0.0
Mariano,Forward,16_17,3.98,129.0,1.0,1.0,0.56
Mariano,Forward,18_19,4.63,513.0,4.0,0.0,1.18
Mariano,Forward,19_20,7.52,45.0,1.0,0.0,1.0
Mariano,Forward,20_21,1.93,621.0,1.0,0.0,0.25
Mariano,Forward,21_22,3.55,355.0,1.0,1.0,0.5
Mariano,Forward,22_23,1.44,163.0,0.0,0.0,0.0
Mariano,Midfield,18_19,,12.0,0.0,0.0,0.0
Mario Gila,Defense,21_22,9.42,25.0,0.0,0.0,0.0
Mario Martín,Midfield,23_24,0.76,18.0,0.0,0.0,0.0
Martin Ødegaard,Forward,20_21,0.03,27.0,0.0,0.0,0.0
Martin Ødegaard,Midfield,20_21,,340.0,0.0,0.0,0.0
Marvin,Defense,20_21,1.32,58.0,0.0,1.0,0.0
Marvin,Forward,20_21,0.02,21.0,0.0,0.0,0.0
Marvin,Midfield,20_21,,54.0,0.0,0.0,0.0
Mateo Kovačić,Forward,15_16,1.31,73.0,0.0,0.0,0.0
Mateo Kovačić,Forward,17_18,0.02,19.0,0.0,0.0,0.0
Mateo Kovačić,Midfield,15_16,,1303.0,1.0,2.0,0.16
Mateo Kovačić,Midfield,16_17,,1906.0,2.0,3.0,0.3
Mateo Kovačić,Midfield,17_18,7.21,1229.0,0.0,2.0,0.0
Miguel Gutiérrez,Defense,20_21,6.96,316.0,0.0,1.0,0.0
Miguel Gutiérrez,Defense,21_22,5.55,325.0,0.0,1.0,0.0
Nacho,Defense,15_16,,1516.0,1.0,0.0,0.24
Nacho,Defense,16_17,,2649.0,2.0,3.0,0.31
Nacho,Defense,17_18,11.1,2643.0,4.0,0.0,0.61
Nacho,Defense,18_19,11.46,2147.0,0.0,1.0,0.0
Nacho,Defense,19_20,12.74,484.0,1.0,0.0,0.71
Nacho,Defense,20_21,9.9,2720.0,1.0,0.0,0.16
Nacho,Defense,21_22,10.12,2129.0,3.0,0.0,0.42
Nacho,Defense,22_23,8.34,2077.0,1.0,1.0,0.14
Nacho,Defense,23_24,9.01,2726.0,0.0,1.0,0.0
Nacho,Forward,17_18,0.03,25.0,0.0,0.0,0.0
Nacho,Forward,21_22,0.0,1.0,0.0,0.0,0.0
Nacho,Midfield,17_18,0.0,3.0,0.0,0.0,0.0
Nicolás Paz,Forward,23_24,2.5,6.0,0.0,0.0,0.0
Nicolás Paz,Midfield,23_24,3.23,58.0,1.0,0.0,1.0
Pepe,Defense,15_16,,2599.0,1.0,1.0,0.17
Pepe,Defense,16_17,,1259.0,2.0,1.0,0.67
Pepe,Midfield,15_16,,45.0,0.0,0.0,0.0
Pepe,Midfield,16_17,,19.0,0.0,0.0,0.0
Peter González,Defense,21_22,6.01,6.0,0.0,0.0,0.0
Peter González,Forward,21_22,10.51,5.0,0.0,0.0,0.0
Peter González,Midfield,21_22,,16.0,0.0,0.0,0.0
Raphaël Varane,Defense,15_16,,2500.0,0.0,0.0,0.0
Raphaël Varane,Defense,16_17,,2824.0,3.0,2.0,0.45
Raphaël Varane,Defense,17_18,11.21,3259.0,0.0,2.0,0.0
Raphaël Varane,Defense,18_19,9.23,3114.0,2.0,0.0,0.28
Raphaël Varane,Defense,19_20,8.66,3542.0,2.0,1.0,0.25
Raphaël Varane,Defense,20_21,9.06,3525.0,2.0,0.0,0.25
Raphaël Varane,Midfield,15_16,,120.0,0.0,0.0,0.0
Raúl Asencio,Defense,24_25,9.41,2408.0,0.0,2.0,0.0
Raúl Asencio,Midfield,24_25,2.01,11.0,0.0,0.0,0.0
Rodrygo,Defense,20_21,6.02,15.0,0.0,0.0,0.0
Rodrygo,Defense,21_22,0.21,25.0,0.0,0.0,0.0
Rodrygo,Forward,19_20,3.9,1293.0,5.0,3.0,1.19
Rodrygo,Forward,20_21,3.89,1220.0,2.0,6.0,0.34
Rodrygo,Forward,21_22,5.15,1915.0,8.0,6.0,1.0
Rodrygo,Forward,22_23,6.82,3079.0,13.0,10.0,1.48
Rodrygo,Forward,23_24,6.75,3392.0,15.0,7.0,1.6
Rodrygo,Forward,24_25,6.47,2301.0,10.0,7.0,1.47
Rodrygo,Midfield,19_20,,56.0,1.0,0.0,1.67
Rodrygo,Midfield,20_21,,71.0,0.0,1.0,0.0
Rodrygo,Midfield,21_22,,90.0,1.0,0.0,1.67
Rodrygo,Midfield,22_23,,119.0,1.0,0.0,2.5
Rodrygo,Midfield,24_25,6.55,502.0,1.0,0.0,0.62
Sergio Arribas,Defense,20_21,17.27,23.0,0.0,0.0,0.0
Sergio Arribas,Forward,20_21,1.14,70.0,0.0,0.0,0.0
Sergio Arribas,Forward,22_23,4.51,10.0,0.0,0.0,0.0
Sergio Arribas,Midfield,20_21,,74.0,0.0,0.0,0.0
Sergio Arribas,Midfield,22_23,,9.0,0.0,0.0,0.0
Sergio Ramos,Defense,15_16,,2840.0,3.0,2.0,0.45
Sergio Ramos,Defense,16_17,,3488.0,8.0,2.0,1.03
Sergio Ramos,Defense,17_18,11.91,3279.0,5.0,1.0,0.68
Sergio Ramos,Defense,18_19,10.9,2892.0,6.0,1.0,0.91
Sergio Ramos,Defense,19_20,9.89,3458.0,13.0,0.0,1.62
Sergio Ramos,Defense,20_21,9.2,1698.0,4.0,1.0,1.0
Sergio Reguilón,Defense,18_19,10.88,1479.0,0.0,3.0,0.0
Sergio Santos,Defense,21_22,4.01,11.0,0.0,0.0,0.0
Theo Hernández,Defense,17_18,8.2,1076.0,0.0,1.0,0.0
Theo Hernández,Midfield,17_18,4.19,20.0,0.0,0.0,0.0
Thibaut Courtois,Goalkeeper,18_19,20.14,2880.0,0.0,0.0,0.0
Thibaut Courtois,Goalkeeper,19_20,20.55,3645.0,0.0,0.0,0.0
Thibaut Courtois,Goalkeeper,20_21,21.71,4500.0,0.0,0.0,0.0
Thibaut Courtois,Goalkeeper,21_22,21.2,4470.0,0.0,0.0,0.0
Thibaut Courtois,Goalkeeper,22_23,22.27,3690.0,0.0,0.0,0.0
Thibaut Courtois,Goalkeeper,23_24,23.97,422.0,0.0,0.0,0.0
Thibaut Courtois,Goalkeeper,24_25,20.69,3810.0,0.0,0.0,0.0
Toni Kroos,Defense,21_22,6.32,25.0,0.0,0.0,0.0
Toni Kroos,Forward,17_18,0.1,90.0,0.0,0.0,0.0
Toni Kroos,Midfield,15_16,,3733.0,1.0,11.0,0.11
Toni Kroos,Midfield,16_17,,3524.0,4.0,13.0,0.49
Toni Kroos,Midfield,17_18,13.22,3124.0,5.0,8.0,0.66
Toni Kroos,Midfield,18_19,,2866.0,1.0,5.0,0.14
Toni Kroos,Midfield,19_20,,3192.0,5.0,6.0,0.61
Toni Kroos,Midfield,20_21,,3076.0,3.0,12.0,0.38
Toni Kroos,Midfield,21_22,,2975.0,3.0,3.0,0.38
Toni Kroos,Midfield,22_23,,2997.0,2.0,6.0,0.24
Toni Kroos,Midfield,23_24,12.72,2982.0,1.0,10.0,0.11
Vinicius Júnior,Defense,20_21,10.42,62.0,0.0,0.0,0.0
Vinicius Júnior,Forward,18_19,5.43,1082.0,2.0,2.0,0.5
Vinicius Júnior,Forward,19_20,3.38,1296.0,2.0,2.0,0.33
Vinicius Júnior,Forward,20_21,3.58,2447.0,6.0,3.0,0.68
Vinicius Júnior,Forward,21_22,8.0,3795.0,20.0,16.0,2.13
Vinicius Júnior,Forward,22_23,8.58,3705.0,17.0,15.0,1.93
Vinicius Júnior,Forward,23_24,9.5,2762.0,21.0,9.0,2.92
Vinicius Júnior,Forward,24_25,7.85,3356.0,19.0,10.0,2.26
Vinicius Júnior,Midfield,18_19,,20.0,0.0,0.0,0.0
Vinicius Júnior,Midfield,19_20,,262.0,2.0,0.0,2.5
Vinicius Júnior,Midfield,20_21,,94.0,0.0,1.0,0.0
Vinicius Júnior,Midfield,21_22,,88.0,1.0,0.0,5.0
Vinicius Júnior,Midfield,22_23,,90.0,0.0,0.0,0.0
Víctor Chust,Defense,20_21,13.14,90.0,0.0,0.0,0.0
Víctor Chust,Midfield,20_21,,5.0,0.0,0.0,0.0
Víctor Muñoz,Forward,24_25,0.04,33.0,0.0,0.0,0.0
Víctor Muñoz,Midfield,24_25,1.0,3.0,0.0,0.0,0.0
Álvaro Arbeloa,Defense,15_16,,442.0,0.0,0.0,0.0
Álvaro Morata,Forward,16_17,9.58,1498.0,18.0,6.0,2.57
Álvaro Odriozola,Defense,18_19,8.09,1406.0,0.0,2.0,0.0
Álvaro Odriozola,Defense,19_20,8.05,433.0,0.0,2.0,0.0
Álvaro Odriozola,Defense,20_21,8.25,779.0,1.0,0.0,0.38
Álvaro Odriozola,Defense,22_23,3.49,39.0,0.0,0.0,0.0
Álvaro Odriozola,Midfield,20_21,,83.0,1.0,0.0,2.5
Álvaro Rodríguez,Forward,22_23,5.74,75.0,1.0,1.0,1.0
Álvaro Rodríguez,Forward,23_24,0.0,1.0,0.0,0.0,0.0
Álvaro Rodríguez,Midfield,22_23,,4.0,0.0,0.0,0.0
Álvaro Tejero,Defense,16_17,,3.0,0.0,0.0,0.0
Éder Militão,Defense,19_20,10.51,1292.0,0.0,0.0,0.0
Éder Militão,Defense,20_21,11.92,1610.0,1.0,1.0,0.25
Éder Militão,Defense,21_22,11.7,4105.0,1.0,2.0,0.11
Éder Militão,Defense,22_23,12.03,3450.0,6.0,0.0,0.71
Éder Militão,Defense,23_24,7.15,509.0,0.0,0.0,0.0
Éder Militão,Defense,24_25,10.67,1219.0,1.0,1.0,0.31
